Project25 DipoleDipole_2
1.50
11
3
Type of measurement (0=app.resistivity,1=resistance)
1
1980
2
0
4 4.50 0.00 3.00 0.00 0.00 0.00 1.50 0.00 4.79273
4 6.00 0.00 4.50 0.00 0.00 0.00 1.50 0.00 0.453241
4 6.00 0.00 4.50 0.00 1.50 0.00 3.00 0.00 4.87879
4 7.50 0.00 6.00 0.00 0.00 0.00 1.50 0.00 0.110217
4 9.00 0.00 6.00 0.00 0.00 0.00 3.00 0.00 0.671809
4 7.50 0.00 6.00 0.00 1.50 0.00 3.00 0.00 0.400227
4 9.00 0.00 7.50 0.00 0.00 0.00 1.50 0.00 0.0497732
4 10.50 0.00 9.00 0.00 0.00 0.00 1.50 0.00 0.0276022
4 7.50 0.00 6.00 0.00 3.00 0.00 4.50 0.00 3.84756
4 9.00 0.00 7.50 0.00 1.50 0.00 3.00 0.00 0.11162
4 12.00 0.00 10.50 0.00 0.00 0.00 1.50 0.00 0.0155468
4 9.00 0.00 7.50 0.00 3.00 0.00 4.50 0.00 0.406087
4 10.50 0.00 9.00 0.00 1.50 0.00 3.00 0.00 0.0484227
4 12.00 0.00 9.00 0.00 0.00 0.00 3.00 0.00 0.116124
4 10.50 0.00 7.50 0.00 1.50 0.00 4.50 0.00 0.675928
4 13.50 0.00 12.00 0.00 0.00 0.00 1.50 0.00 0.0113345
4 10.50 0.00 9.00 0.00 3.00 0.00 4.50 0.00 0.109904
4 12.00 0.00 10.50 0.00 1.50 0.00 3.00 0.00 0.024465
4 9.00 0.00 7.50 0.00 4.50 0.00 6.00 0.00 5.50781
4 13.50 0.00 9.00 0.00 0.00 0.00 4.50 0.00 0.328273
4 15.00 0.00 12.00 0.00 0.00 0.00 3.00 0.00 0.0480413
4 12.00 0.00 9.00 0.00 3.00 0.00 6.00 0.00 0.730185
4 13.50 0.00 10.50 0.00 1.50 0.00 4.50 0.00 0.115382
4 15.00 0.00 13.50 0.00 0.00 0.00 1.50 0.00 0.00685409
4 12.00 0.00 10.50 0.00 3.00 0.00 4.50 0.00 0.0461608
4 13.50 0.00 12.00 0.00 1.50 0.00 3.00 0.00 0.0171675
4 10.50 0.00 9.00 0.00 4.50 0.00 6.00 0.00 0.451858
4 15.00 0.00 13.50 0.00 1.50 0.00 3.00 0.00 0.0126417
4 12.00 0.00 10.50 0.00 4.50 0.00 6.00 0.00 0.122356
4 10.50 0.00 9.00 0.00 6.00 0.00 7.50 0.00 4.11804
4 15.00 0.00 10.50 0.00 1.50 0.00 6.00 0.00 0.366553
4 13.50 0.00 12.00 0.00 3.00 0.00 4.50 0.00 0.0275844
4 15.00 0.00 12.00 0.00 3.00 0.00 6.00 0.00 0.143765
4 16.50 0.00 13.50 0.00 1.50 0.00 4.50 0.00 0.0519607
4 13.50 0.00 10.50 0.00 4.50 0.00 7.50 0.00 0.672205
4 16.50 0.00 15.00 0.00 1.50 0.00 3.00 0.00 0.0086264
4 18.00 0.00 15.00 0.00 0.00 0.00 3.00 0.00 0.0214354
4 15.00 0.00 13.50 0.00 3.00 0.00 4.50 0.00 0.0181206
4 18.00 0.00 12.00 0.00 0.00 0.00 6.00 0.00 0.26761
4 13.50 0.00 12.00 0.00 4.50 0.00 6.00 0.00 0.0618062
4 12.00 0.00 10.50 0.00 6.00 0.00 7.50 0.00 0.357107
4 18.00 0.00 13.50 0.00 0.00 0.00 4.50 0.00 0.0785134
4 16.50 0.00 12.00 0.00 3.00 0.00 7.50 0.00 0.416243
4 16.50 0.00 15.00 0.00 3.00 0.00 4.50 0.00 0.0125056
4 15.00 0.00 13.50 0.00 4.50 0.00 6.00 0.00 0.0362029
4 13.50 0.00 12.00 0.00 6.00 0.00 7.50 0.00 0.130967
4 12.00 0.00 10.50 0.00 7.50 0.00 9.00 0.00 3.18357
4 19.50 0.00 13.50 0.00 1.50 0.00 7.50 0.00 0.283909
4 18.00 0.00 15.00 0.00 3.00 0.00 6.00 0.00 0.0543162
4 19.50 0.00 15.00 0.00 1.50 0.00 6.00 0.00 0.0825738
4 15.00 0.00 13.50 0.00 6.00 0.00 7.50 0.00 0.0667664
4 13.50 0.00 12.00 0.00 7.50 0.00 9.00 0.00 0.371413
4 18.00 0.00 16.50 0.00 3.00 0.00 4.50 0.00 0.00680252
4 19.50 0.00 16.50 0.00 1.50 0.00 4.50 0.00 0.0189479
4 21.00 0.00 18.00 0.00 0.00 0.00 3.00 0.00 0.0107606
4 16.50 0.00 13.50 0.00 4.50 0.00 7.50 0.00 0.16529
4 15.00 0.00 12.00 0.00 6.00 0.00 9.00 0.00 0.707341
4 16.50 0.00 15.00 0.00 4.50 0.00 6.00 0.00 0.0232049
4 22.50 0.00 18.00 0.00 0.00 0.00 4.50 0.00 0.0270874
4 16.50 0.00 15.00 0.00 6.00 0.00 7.50 0.00 0.039023
4 22.50 0.00 15.00 0.00 0.00 0.00 7.50 0.00 0.200833
4 13.50 0.00 12.00 0.00 9.00 0.00 10.50 0.00 3.38759
4 15.00 0.00 13.50 0.00 7.50 0.00 9.00 0.00 0.141123
4 18.00 0.00 16.50 0.00 4.50 0.00 6.00 0.00 0.0118136
4 18.00 0.00 13.50 0.00 4.50 0.00 9.00 0.00 0.439589
4 18.00 0.00 16.50 0.00 6.00 0.00 7.50 0.00 0.0180279
4 19.50 0.00 16.50 0.00 4.50 0.00 7.50 0.00 0.0476563
4 24.00 0.00 21.00 0.00 0.00 0.00 3.00 0.00 0.0106502
4 21.00 0.00 16.50 0.00 3.00 0.00 7.50 0.00 0.0755189
4 19.50 0.00 18.00 0.00 4.50 0.00 6.00 0.00 0.00751985
4 21.00 0.00 18.00 0.00 3.00 0.00 6.00 0.00 0.0212164
4 16.50 0.00 13.50 0.00 7.50 0.00 10.50 0.00 0.753866
4 24.00 0.00 18.00 0.00 0.00 0.00 6.00 0.00 0.0552989
4 16.50 0.00 15.00 0.00 7.50 0.00 9.00 0.00 0.0728763
4 18.00 0.00 15.00 0.00 6.00 0.00 9.00 0.00 0.16042
4 22.50 0.00 19.50 0.00 1.50 0.00 4.50 0.00 0.0111901
4 15.00 0.00 13.50 0.00 9.00 0.00 10.50 0.00 0.387924
4 21.00 0.00 15.00 0.00 3.00 0.00 9.00 0.00 0.280652
4 24.00 0.00 19.50 0.00 1.50 0.00 6.00 0.00 0.0272674
4 16.50 0.00 15.00 0.00 9.00 0.00 10.50 0.00 0.153842
4 19.50 0.00 15.00 0.00 6.00 0.00 10.50 0.00 0.422648
4 15.00 0.00 13.50 0.00 10.50 0.00 12.00 0.00 2.97764
4 18.00 0.00 16.50 0.00 7.50 0.00 9.00 0.00 0.0303872
4 24.00 0.00 16.50 0.00 1.50 0.00 9.00 0.00 0.180766
4 19.50 0.00 18.00 0.00 6.00 0.00 7.50 0.00 0.0103828
4 25.50 0.00 22.50 0.00 1.50 0.00 4.50 0.00 0.00777008
4 27.00 0.00 22.50 0.00 0.00 0.00 4.50 0.00 0.0155675
4 19.50 0.00 18.00 0.00 7.50 0.00 9.00 0.00 0.0167036
4 21.00 0.00 18.00 0.00 6.00 0.00 9.00 0.00 0.0446705
4 22.50 0.00 18.00 0.00 4.50 0.00 9.00 0.00 0.0755446
4 27.00 0.00 18.00 0.00 0.00 0.00 9.00 0.00 0.149583
4 16.50 0.00 15.00 0.00 10.50 0.00 12.00 0.00 0.412284
4 21.00 0.00 19.50 0.00 6.00 0.00 7.50 0.00 0.00728773
4 18.00 0.00 15.00 0.00 9.00 0.00 12.00 0.00 0.734325
4 22.50 0.00 19.50 0.00 4.50 0.00 7.50 0.00 0.0229329
4 27.00 0.00 24.00 0.00 0.00 0.00 3.00 0.00 0.00338207
4 25.50 0.00 19.50 0.00 1.50 0.00 7.50 0.00 0.0552274
4 18.00 0.00 16.50 0.00 9.00 0.00 10.50 0.00 0.0552548
4 24.00 0.00 21.00 0.00 3.00 0.00 6.00 0.00 0.0125494
4 19.50 0.00 16.50 0.00 7.50 0.00 10.50 0.00 0.128256
4 22.50 0.00 16.50 0.00 4.50 0.00 10.50 0.00 0.243066
4 18.00 0.00 16.50 0.00 10.50 0.00 12.00 0.00 0.112891
4 21.00 0.00 16.50 0.00 7.50 0.00 12.00 0.00 0.332989
4 25.50 0.00 21.00 0.00 3.00 0.00 7.50 0.00 0.031051
4 19.50 0.00 18.00 0.00 9.00 0.00 10.50 0.00 0.0258707
4 25.50 0.00 18.00 0.00 3.00 0.00 10.50 0.00 0.177793
4 16.50 0.00 15.00 0.00 12.00 0.00 13.50 0.00 3.27458
4 21.00 0.00 19.50 0.00 7.50 0.00 9.00 0.00 0.0103763
4 21.00 0.00 19.50 0.00 9.00 0.00 10.50 0.00 0.01543
4 22.50 0.00 19.50 0.00 7.50 0.00 10.50 0.00 0.0441505
4 27.00 0.00 24.00 0.00 3.00 0.00 6.00 0.00 0.00972898
4 24.00 0.00 19.50 0.00 6.00 0.00 10.50 0.00 0.0722965
4 28.50 0.00 24.00 0.00 1.50 0.00 6.00 0.00 0.0179929
4 28.50 0.00 19.50 0.00 1.50 0.00 10.50 0.00 0.149621
4 30.00 0.00 27.00 0.00 0.00 0.00 3.00 0.00 0.00459385
4 30.00 0.00 22.50 0.00 0.00 0.00 7.50 0.00 0.0493631
4 28.50 0.00 25.50 0.00 1.50 0.00 4.50 0.00 0.00605068
4 18.00 0.00 16.50 0.00 12.00 0.00 13.50 0.00 0.369943
4 22.50 0.00 21.00 0.00 7.50 0.00 9.00 0.00 0.00778243
4 19.50 0.00 16.50 0.00 10.50 0.00 13.50 0.00 0.631583
4 24.00 0.00 21.00 0.00 6.00 0.00 9.00 0.00 0.0222059
4 27.00 0.00 21.00 0.00 3.00 0.00 9.00 0.00 0.058822
4 30.00 0.00 24.00 0.00 0.00 0.00 6.00 0.00 0.0243119
4 19.50 0.00 18.00 0.00 10.50 0.00 12.00 0.00 0.0441453
4 21.00 0.00 18.00 0.00 9.00 0.00 12.00 0.00 0.108063
4 25.50 0.00 22.50 0.00 4.50 0.00 7.50 0.00 0.0132855
4 24.00 0.00 18.00 0.00 6.00 0.00 12.00 0.00 0.213581
4 19.50 0.00 18.00 0.00 12.00 0.00 13.50 0.00 0.105235
4 22.50 0.00 18.00 0.00 9.00 0.00 13.50 0.00 0.307866
4 27.00 0.00 22.50 0.00 4.50 0.00 9.00 0.00 0.0313801
4 18.00 0.00 16.50 0.00 13.50 0.00 15.00 0.00 3.54018
4 21.00 0.00 19.50 0.00 10.50 0.00 12.00 0.00 0.0225782
4 27.00 0.00 19.50 0.00 4.50 0.00 12.00 0.00 0.169483
4 31.50 0.00 27.00 0.00 0.00 0.00 4.50 0.00 0.0118403
4 22.50 0.00 21.00 0.00 9.00 0.00 10.50 0.00 0.0105421
4 19.50 0.00 18.00 0.00 13.50 0.00 15.00 0.00 0.304329
4 21.00 0.00 18.00 0.00 12.00 0.00 15.00 0.00 0.55829
4 30.00 0.00 27.00 0.00 3.00 0.00 6.00 0.00 0.00650032
4 22.50 0.00 21.00 0.00 10.50 0.00 12.00 0.00 0.0139682
4 24.00 0.00 21.00 0.00 9.00 0.00 12.00 0.00 0.0386516
4 28.50 0.00 25.50 0.00 4.50 0.00 7.50 0.00 0.00918894
4 25.50 0.00 21.00 0.00 7.50 0.00 12.00 0.00 0.0675614
4 31.50 0.00 28.50 0.00 1.50 0.00 4.50 0.00 0.00562907
4 24.00 0.00 22.50 0.00 9.00 0.00 10.50 0.00 0.00639601
4 31.50 0.00 24.00 0.00 1.50 0.00 9.00 0.00 0.0571497
4 25.50 0.00 22.50 0.00 7.50 0.00 10.50 0.00 0.0211558
4 28.50 0.00 22.50 0.00 4.50 0.00 10.50 0.00 0.0574619
4 30.00 0.00 25.50 0.00 3.00 0.00 7.50 0.00 0.0177656
4 31.50 0.00 25.50 0.00 1.50 0.00 7.50 0.00 0.0294592
4 30.00 0.00 21.00 0.00 3.00 0.00 12.00 0.00 0.146853
4 27.00 0.00 24.00 0.00 6.00 0.00 9.00 0.00 0.0142942
4 21.00 0.00 19.50 0.00 12.00 0.00 13.50 0.00 0.0459631
4 22.50 0.00 19.50 0.00 10.50 0.00 13.50 0.00 0.107168
4 25.50 0.00 19.50 0.00 7.50 0.00 13.50 0.00 0.208413
4 19.50 0.00 18.00 0.00 15.00 0.00 16.50 0.00 2.13613
4 28.50 0.00 24.00 0.00 6.00 0.00 10.50 0.00 0.0320254
4 21.00 0.00 19.50 0.00 13.50 0.00 15.00 0.00 0.102943
4 24.00 0.00 19.50 0.00 10.50 0.00 15.00 0.00 0.297079
4 22.50 0.00 21.00 0.00 12.00 0.00 13.50 0.00 0.0246448
4 28.50 0.00 21.00 0.00 6.00 0.00 13.50 0.00 0.165011
4 33.00 0.00 28.50 0.00 1.50 0.00 6.00 0.00 0.0138915
4 24.00 0.00 22.50 0.00 10.50 0.00 12.00 0.00 0.00772521
4 31.50 0.00 28.50 0.00 4.50 0.00 7.50 0.00 0.00851626
4 27.00 0.00 21.00 0.00 9.00 0.00 15.00 0.00 0.20262
4 21.00 0.00 19.50 0.00 15.00 0.00 16.50 0.00 0.342898
4 30.00 0.00 24.00 0.00 6.00 0.00 12.00 0.00 0.0572126
4 24.00 0.00 22.50 0.00 12.00 0.00 13.50 0.00 0.0123713
4 25.50 0.00 22.50 0.00 10.50 0.00 13.50 0.00 0.0359135
4 27.00 0.00 22.50 0.00 9.00 0.00 13.50 0.00 0.0627355
4 33.00 0.00 30.00 0.00 3.00 0.00 6.00 0.00 0.0069664
4 36.00 0.00 30.00 0.00 0.00 0.00 6.00 0.00 0.0216971
4 33.00 0.00 25.50 0.00 3.00 0.00 10.50 0.00 0.0607514
4 25.50 0.00 24.00 0.00 10.50 0.00 12.00 0.00 0.00638171
4 27.00 0.00 24.00 0.00 9.00 0.00 12.00 0.00 0.0203103
4 22.50 0.00 19.50 0.00 13.50 0.00 16.50 0.00 0.604438
4 36.00 0.00 31.50 0.00 0.00 0.00 4.50 0.00 0.0101717
4 30.00 0.00 27.00 0.00 6.00 0.00 9.00 0.00 0.00963657
4 31.50 0.00 27.00 0.00 4.50 0.00 9.00 0.00 0.0210648
4 33.00 0.00 27.00 0.00 3.00 0.00 9.00 0.00 0.033162
4 22.50 0.00 21.00 0.00 13.50 0.00 15.00 0.00 0.0465517
4 24.00 0.00 21.00 0.00 12.00 0.00 15.00 0.00 0.104257
4 31.50 0.00 22.50 0.00 4.50 0.00 13.50 0.00 0.149005
4 28.50 0.00 25.50 0.00 7.50 0.00 10.50 0.00 0.0137455
4 36.00 0.00 27.00 0.00 0.00 0.00 9.00 0.00 0.0604439
4 24.00 0.00 22.50 0.00 13.50 0.00 15.00 0.00 0.0208003
4 25.50 0.00 21.00 0.00 12.00 0.00 16.50 0.00 0.309079
4 22.50 0.00 21.00 0.00 15.00 0.00 16.50 0.00 0.113335
4 30.00 0.00 22.50 0.00 7.50 0.00 15.00 0.00 0.158391
4 21.00 0.00 19.50 0.00 16.50 0.00 18.00 0.00 1.74972
4 34.50 0.00 30.00 0.00 3.00 0.00 7.50 0.00 0.0166864
4 37.50 0.00 30.00 0.00 0.00 0.00 7.50 0.00 0.0350586
4 30.00 0.00 25.50 0.00 7.50 0.00 12.00 0.00 0.0304624
4 25.50 0.00 24.00 0.00 12.00 0.00 13.50 0.00 0.00946738
4 33.00 0.00 30.00 0.00 6.00 0.00 9.00 0.00 0.0100908
4 31.50 0.00 25.50 0.00 7.50 0.00 13.50 0.00 0.0608806
4 24.00 0.00 21.00 0.00 15.00 0.00 18.00 0.00 0.499528
4 24.00 0.00 22.50 0.00 15.00 0.00 16.50 0.00 0.0427261
4 25.50 0.00 22.50 0.00 13.50 0.00 16.50 0.00 0.102984
4 34.50 0.00 31.50 0.00 4.50 0.00 7.50 0.00 0.00770536
4 37.50 0.00 31.50 0.00 1.50 0.00 7.50 0.00 0.0221958
4 30.00 0.00 27.00 0.00 9.00 0.00 12.00 0.00 0.0129547
4 27.00 0.00 25.50 0.00 12.00 0.00 13.50 0.00 0.00645852
4 34.50 0.00 27.00 0.00 4.50 0.00 12.00 0.00 0.0653141
4 22.50 0.00 21.00 0.00 16.50 0.00 18.00 0.00 0.264488
4 28.50 0.00 25.50 0.00 10.50 0.00 13.50 0.00 0.0192857
4 25.50 0.00 24.00 0.00 13.50 0.00 15.00 0.00 0.0143671
4 27.00 0.00 24.00 0.00 12.00 0.00 15.00 0.00 0.0394132
4 28.50 0.00 22.50 0.00 10.50 0.00 16.50 0.00 0.196613
4 37.50 0.00 33.00 0.00 1.50 0.00 6.00 0.00 0.010867
4 31.50 0.00 28.50 0.00 7.50 0.00 10.50 0.00 0.0121876
4 28.50 0.00 24.00 0.00 10.50 0.00 15.00 0.00 0.064731
4 33.00 0.00 28.50 0.00 6.00 0.00 10.50 0.00 0.0243305
4 34.50 0.00 28.50 0.00 4.50 0.00 10.50 0.00 0.039032
4 33.00 0.00 24.00 0.00 6.00 0.00 15.00 0.00 0.159263
4 37.50 0.00 28.50 0.00 1.50 0.00 10.50 0.00 0.0667865
4 31.50 0.00 24.00 0.00 9.00 0.00 16.50 0.00 0.174855
4 27.00 0.00 25.50 0.00 13.50 0.00 15.00 0.00 0.00912271
4 25.50 0.00 24.00 0.00 15.00 0.00 16.50 0.00 0.0253419
4 24.00 0.00 22.50 0.00 16.50 0.00 18.00 0.00 0.0785891
4 22.50 0.00 21.00 0.00 18.00 0.00 19.50 0.00 1.46949
4 40.50 0.00 36.00 0.00 0.00 0.00 4.50 0.00 0.00581503
4 31.50 0.00 27.00 0.00 9.00 0.00 13.50 0.00 0.0337852
4 27.00 0.00 22.50 0.00 13.50 0.00 18.00 0.00 0.262655
4 36.00 0.00 31.50 0.00 4.50 0.00 9.00 0.00 0.0174044
4 39.00 0.00 31.50 0.00 1.50 0.00 9.00 0.00 0.0347349
4 30.00 0.00 24.00 0.00 12.00 0.00 18.00 0.00 0.192071
4 34.50 0.00 31.50 0.00 7.50 0.00 10.50 0.00 0.0106074
4 42.00 0.00 36.00 0.00 0.00 0.00 6.00 0.00 0.0103375
4 30.00 0.00 25.50 0.00 12.00 0.00 16.50 0.00 0.0662663
4 30.00 0.00 27.00 0.00 12.00 0.00 15.00 0.00 0.0200915
4 28.50 0.00 25.50 0.00 13.50 0.00 16.50 0.00 0.0384353
4 28.50 0.00 27.00 0.00 13.50 0.00 15.00 0.00 0.00612534
4 33.00 0.00 27.00 0.00 9.00 0.00 15.00 0.00 0.0654563
4 36.00 0.00 33.00 0.00 6.00 0.00 9.00 0.00 0.00791417
4 34.50 0.00 25.50 0.00 7.50 0.00 16.50 0.00 0.171095
4 31.50 0.00 28.50 0.00 10.50 0.00 13.50 0.00 0.0156439
4 39.00 0.00 33.00 0.00 3.00 0.00 9.00 0.00 0.0223848
4 36.00 0.00 28.50 0.00 6.00 0.00 13.50 0.00 0.0711655
4 27.00 0.00 24.00 0.00 15.00 0.00 18.00 0.00 0.0972167
4 27.00 0.00 25.50 0.00 15.00 0.00 16.50 0.00 0.0140374
4 25.50 0.00 24.00 0.00 16.50 0.00 18.00 0.00 0.0392711
4 25.50 0.00 22.50 0.00 16.50 0.00 19.50 0.00 0.435729
4 24.00 0.00 22.50 0.00 18.00 0.00 19.50 0.00 0.230518
4 33.00 0.00 30.00 0.00 9.00 0.00 12.00 0.00 0.0131582
4 34.50 0.00 30.00 0.00 7.50 0.00 12.00 0.00 0.0266479
4 39.00 0.00 34.50 0.00 3.00 0.00 7.50 0.00 0.0101093
4 36.00 0.00 30.00 0.00 6.00 0.00 12.00 0.00 0.0411546
4 39.00 0.00 30.00 0.00 3.00 0.00 12.00 0.00 0.0688698
4 25.50 0.00 24.00 0.00 18.00 0.00 19.50 0.00 0.0875428
4 24.00 0.00 22.50 0.00 19.50 0.00 21.00 0.00 1.29235
4 33.00 0.00 25.50 0.00 10.50 0.00 18.00 0.00 0.17006
4 28.50 0.00 27.00 0.00 15.00 0.00 16.50 0.00 0.00914381
4 28.50 0.00 24.00 0.00 15.00 0.00 19.50 0.00 0.253673
4 33.00 0.00 28.50 0.00 10.50 0.00 15.00 0.00 0.0381114
4 27.00 0.00 25.50 0.00 16.50 0.00 18.00 0.00 0.0185126
4 37.50 0.00 33.00 0.00 6.00 0.00 10.50 0.00 0.0176705
4 42.00 0.00 37.50 0.00 1.50 0.00 6.00 0.00 0.00514423
4 40.50 0.00 33.00 0.00 3.00 0.00 10.50 0.00 0.034334
4 34.50 0.00 31.50 0.00 10.50 0.00 13.50 0.00 0.0132857
4 28.50 0.00 25.50 0.00 16.50 0.00 19.50 0.00 0.0784708
4 36.00 0.00 31.50 0.00 9.00 0.00 13.50 0.00 0.0262889
4 37.50 0.00 31.50 0.00 7.50 0.00 13.50 0.00 0.04086
4 28.50 0.00 27.00 0.00 16.50 0.00 18.00 0.00 0.0106733
4 40.50 0.00 31.50 0.00 4.50 0.00 13.50 0.00 0.0670032
4 31.50 0.00 28.50 0.00 13.50 0.00 16.50 0.00 0.0266474
4 34.50 0.00 28.50 0.00 10.50 0.00 16.50 0.00 0.076847
4 27.00 0.00 24.00 0.00 18.00 0.00 21.00 0.00 0.452058
4 36.00 0.00 27.00 0.00 9.00 0.00 18.00 0.00 0.175183
4 27.00 0.00 25.50 0.00 18.00 0.00 19.50 0.00 0.0328101
4 36.00 0.00 33.00 0.00 9.00 0.00 12.00 0.00 0.00992897
4 43.50 0.00 37.50 0.00 1.50 0.00 7.50 0.00 0.00975009
4 33.00 0.00 30.00 0.00 12.00 0.00 15.00 0.00 0.0192148
4 25.50 0.00 24.00 0.00 19.50 0.00 21.00 0.00 0.257469
4 45.00 0.00 40.50 0.00 0.00 0.00 4.50 0.00 0.00326472
4 45.00 0.00 36.00 0.00 0.00 0.00 9.00 0.00 0.0241826
4 37.50 0.00 30.00 0.00 7.50 0.00 15.00 0.00 0.0773507
4 37.50 0.00 34.50 0.00 7.50 0.00 10.50 0.00 0.0075647
4 40.50 0.00 34.50 0.00 4.50 0.00 10.50 0.00 0.0207307
4 30.00 0.00 27.00 0.00 15.00 0.00 18.00 0.00 0.0351008
4 30.00 0.00 28.50 0.00 15.00 0.00 16.50 0.00 0.00734367
4 45.00 0.00 37.50 0.00 0.00 0.00 7.50 0.00 0.0130836
4 40.50 0.00 36.00 0.00 4.50 0.00 9.00 0.00 0.00955358
4 31.50 0.00 25.50 0.00 13.50 0.00 19.50 0.00 0.181518
4 31.50 0.00 27.00 0.00 13.50 0.00 18.00 0.00 0.069075
4 30.00 0.00 25.50 0.00 16.50 0.00 21.00 0.00 0.219238
4 39.00 0.00 34.50 0.00 7.50 0.00 12.00 0.00 0.0153911
4 42.00 0.00 34.50 0.00 4.50 0.00 12.00 0.00 0.0311
4 28.50 0.00 27.00 0.00 18.00 0.00 19.50 0.00 0.0165523
4 27.00 0.00 25.50 0.00 19.50 0.00 21.00 0.00 0.074019
4 34.50 0.00 27.00 0.00 12.00 0.00 19.50 0.00 0.17747
4 25.50 0.00 24.00 0.00 21.00 0.00 22.50 0.00 1.68824
4 34.50 0.00 30.00 0.00 12.00 0.00 16.50 0.00 0.0477688
4 43.50 0.00 39.00 0.00 3.00 0.00 7.50 0.00 0.00541569
4 30.00 0.00 28.50 0.00 16.50 0.00 18.00 0.00 0.00792567
4 33.00 0.00 28.50 0.00 15.00 0.00 19.50 0.00 0.0748548
4 34.50 0.00 31.50 0.00 13.50 0.00 16.50 0.00 0.0212605
4 42.00 0.00 37.50 0.00 6.00 0.00 10.50 0.00 0.00859519
4 36.00 0.00 30.00 0.00 12.00 0.00 18.00 0.00 0.0839182
4 31.50 0.00 28.50 0.00 16.50 0.00 19.50 0.00 0.0380769
4 36.00 0.00 33.00 0.00 12.00 0.00 15.00 0.00 0.0143845
4 30.00 0.00 27.00 0.00 18.00 0.00 21.00 0.00 0.0753545
4 30.00 0.00 28.50 0.00 18.00 0.00 19.50 0.00 0.0108654
4 37.50 0.00 33.00 0.00 10.50 0.00 15.00 0.00 0.0267269
4 39.00 0.00 31.50 0.00 9.00 0.00 16.50 0.00 0.0770401
4 37.50 0.00 34.50 0.00 10.50 0.00 13.50 0.00 0.00936943
4 39.00 0.00 33.00 0.00 9.00 0.00 15.00 0.00 0.0395416
4 46.50 0.00 42.00 0.00 1.50 0.00 6.00 0.00 0.00331417
4 28.50 0.00 25.50 0.00 19.50 0.00 22.50 0.00 0.402878
4 28.50 0.00 27.00 0.00 19.50 0.00 21.00 0.00 0.0307431
4 33.00 0.00 30.00 0.00 15.00 0.00 18.00 0.00 0.029609
4 48.00 0.00 42.00 0.00 0.00 0.00 6.00 0.00 0.00541334
4 42.00 0.00 33.00 0.00 6.00 0.00 15.00 0.00 0.0647681
4 46.50 0.00 37.50 0.00 1.50 0.00 10.50 0.00 0.0219201
4 27.00 0.00 25.50 0.00 21.00 0.00 22.50 0.00 0.224707
4 39.00 0.00 36.00 0.00 9.00 0.00 12.00 0.00 0.00627875
4 42.00 0.00 36.00 0.00 6.00 0.00 12.00 0.00 0.0185671
4 31.50 0.00 30.00 0.00 16.50 0.00 18.00 0.00 0.00825625
4 45.00 0.00 39.00 0.00 3.00 0.00 9.00 0.00 0.00967741
4 46.50 0.00 39.00 0.00 1.50 0.00 9.00 0.00 0.0128365
4 37.50 0.00 28.50 0.00 10.50 0.00 19.50 0.00 0.184517
4 33.00 0.00 27.00 0.00 15.00 0.00 21.00 0.00 0.185912
4 40.50 0.00 36.00 0.00 9.00 0.00 13.50 0.00 0.0137474
4 36.00 0.00 28.50 0.00 13.50 0.00 21.00 0.00 0.192564
4 43.50 0.00 36.00 0.00 6.00 0.00 13.50 0.00 0.0290053
4 31.50 0.00 27.00 0.00 18.00 0.00 22.50 0.00 0.236778
4 36.00 0.00 31.50 0.00 13.50 0.00 18.00 0.00 0.0460401
4 30.00 0.00 28.50 0.00 19.50 0.00 21.00 0.00 0.0173252
4 45.00 0.00 40.50 0.00 4.50 0.00 9.00 0.00 0.00545155
4 28.50 0.00 27.00 0.00 21.00 0.00 22.50 0.00 0.0735087
4 31.50 0.00 30.00 0.00 18.00 0.00 19.50 0.00 0.010709
4 27.00 0.00 25.50 0.00 22.50 0.00 24.00 0.00 0.662819
4 39.00 0.00 34.50 0.00 12.00 0.00 16.50 0.00 0.0259793
4 34.50 0.00 31.50 0.00 16.50 0.00 19.50 0.00 0.0278213
4 28.50 0.00 27.00 0.00 22.50 0.00 24.00 0.00 0.142289
4 39.00 0.00 36.00 0.00 12.00 0.00 15.00 0.00 0.00889845
4 40.50 0.00 34.50 0.00 10.50 0.00 16.50 0.00 0.0371664
4 33.00 0.00 30.00 0.00 18.00 0.00 21.00 0.00 0.0459668
4 33.00 0.00 31.50 0.00 18.00 0.00 19.50 0.00 0.00830098
4 43.50 0.00 39.00 0.00 7.50 0.00 12.00 0.00 0.00783049
4 31.50 0.00 30.00 0.00 19.50 0.00 21.00 0.00 0.0156778
4 43.50 0.00 34.50 0.00 7.50 0.00 16.50 0.00 0.0614258
4 34.50 0.00 28.50 0.00 16.50 0.00 22.50 0.00 0.213653
4 48.00 0.00 43.50 0.00 3.00 0.00 7.50 0.00 0.00296958
4 49.50 0.00 43.50 0.00 1.50 0.00 7.50 0.00 0.00480376
4 31.50 0.00 28.50 0.00 19.50 0.00 22.50 0.00 0.094419
4 40.50 0.00 37.50 0.00 10.50 0.00 13.50 0.00 0.00523556
4 48.00 0.00 39.00 0.00 3.00 0.00 12.00 0.00 0.0207416
4 30.00 0.00 27.00 0.00 21.00 0.00 24.00 0.00 0.302355
4 37.50 0.00 31.50 0.00 13.50 0.00 19.50 0.00 0.0814757
4 43.50 0.00 37.50 0.00 7.50 0.00 13.50 0.00 0.0165768
4 30.00 0.00 28.50 0.00 21.00 0.00 22.50 0.00 0.0340175
4 39.00 0.00 30.00 0.00 12.00 0.00 21.00 0.00 0.197038
4 37.50 0.00 34.50 0.00 13.50 0.00 16.50 0.00 0.0147923
4 36.00 0.00 33.00 0.00 15.00 0.00 18.00 0.00 0.020746
4 40.50 0.00 33.00 0.00 10.50 0.00 18.00 0.00 0.0721476
4 46.50 0.00 40.50 0.00 4.50 0.00 10.50 0.00 0.0091385
4 48.00 0.00 40.50 0.00 3.00 0.00 10.50 0.00 0.0125012
4 34.50 0.00 30.00 0.00 16.50 0.00 21.00 0.00 0.0837018
4 30.00 0.00 28.50 0.00 22.50 0.00 24.00 0.00 0.0524967
4 28.50 0.00 27.00 0.00 24.00 0.00 25.50 0.00 0.709475
4 52.50 0.00 45.00 0.00 0.00 0.00 7.50 0.00 0.00610131
4 33.00 0.00 31.50 0.00 19.50 0.00 21.00 0.00 0.0112528
4 31.50 0.00 30.00 0.00 21.00 0.00 22.50 0.00 0.0274793
4 45.00 0.00 37.50 0.00 7.50 0.00 15.00 0.00 0.0257972
4 42.00 0.00 37.50 0.00 10.50 0.00 15.00 0.00 0.0117664
4 46.50 0.00 42.00 0.00 6.00 0.00 10.50 0.00 0.00475555
4 33.00 0.00 28.50 0.00 19.50 0.00 24.00 0.00 0.23493
4 37.50 0.00 30.00 0.00 15.00 0.00 22.50 0.00 0.221867
4 37.50 0.00 33.00 0.00 15.00 0.00 19.50 0.00 0.0448265
4 39.00 0.00 36.00 0.00 15.00 0.00 18.00 0.00 0.0123067
4 39.00 0.00 33.00 0.00 15.00 0.00 21.00 0.00 0.0789816
4 31.50 0.00 28.50 0.00 22.50 0.00 25.50 0.00 0.308113
4 37.50 0.00 34.50 0.00 16.50 0.00 19.50 0.00 0.0175775
4 30.00 0.00 28.50 0.00 24.00 0.00 25.50 0.00 0.141907
4 36.00 0.00 31.50 0.00 18.00 0.00 22.50 0.00 0.092075
4 36.00 0.00 33.00 0.00 18.00 0.00 21.00 0.00 0.0292909
4 54.00 0.00 48.00 0.00 0.00 0.00 6.00 0.00 0.0030461
4 40.50 0.00 31.50 0.00 13.50 0.00 22.50 0.00 0.199555
4 34.50 0.00 33.00 0.00 19.50 0.00 21.00 0.00 0.00960217
4 36.00 0.00 30.00 0.00 18.00 0.00 24.00 0.00 0.232442
4 34.50 0.00 31.50 0.00 19.50 0.00 22.50 0.00 0.0534196
4 33.00 0.00 30.00 0.00 21.00 0.00 24.00 0.00 0.104235
4 33.00 0.00 31.50 0.00 21.00 0.00 22.50 0.00 0.0180055
4 49.50 0.00 45.00 0.00 4.50 0.00 9.00 0.00 0.00331339
4 51.00 0.00 45.00 0.00 3.00 0.00 9.00 0.00 0.00512007
4 45.00 0.00 40.50 0.00 9.00 0.00 13.50 0.00 0.00706166
4 54.00 0.00 45.00 0.00 0.00 0.00 9.00 0.00 0.00947425
4 40.50 0.00 36.00 0.00 13.50 0.00 18.00 0.00 0.0224376
4 49.50 0.00 40.50 0.00 4.50 0.00 13.50 0.00 0.0197851
4 45.00 0.00 36.00 0.00 9.00 0.00 18.00 0.00 0.0549606
4 40.50 0.00 37.50 0.00 13.50 0.00 16.50 0.00 0.00776457
4 42.00 0.00 34.50 0.00 12.00 0.00 19.50 0.00 0.0652346
4 42.00 0.00 36.00 0.00 12.00 0.00 18.00 0.00 0.0330326
4 31.50 0.00 30.00 0.00 22.50 0.00 24.00 0.00 0.0368123
4 45.00 0.00 39.00 0.00 9.00 0.00 15.00 0.00 0.0154676
4 42.00 0.00 39.00 0.00 12.00 0.00 15.00 0.00 0.00500244
4 48.00 0.00 42.00 0.00 6.00 0.00 12.00 0.00 0.00822818
4 49.50 0.00 42.00 0.00 4.50 0.00 12.00 0.00 0.0115448
4 46.50 0.00 39.00 0.00 9.00 0.00 16.50 0.00 0.0245839
4 43.50 0.00 39.00 0.00 12.00 0.00 16.50 0.00 0.012178
4 39.00 0.00 34.50 0.00 16.50 0.00 21.00 0.00 0.0396011
4 54.00 0.00 46.50 0.00 1.50 0.00 9.00 0.00 0.00668946
4 39.00 0.00 31.50 0.00 16.50 0.00 24.00 0.00 0.208291
4 30.00 0.00 28.50 0.00 25.50 0.00 27.00 0.00 0.608894
4 48.00 0.00 43.50 0.00 7.50 0.00 12.00 0.00 0.00437189
4 34.50 0.00 33.00 0.00 21.00 0.00 22.50 0.00 0.0145404
4 34.50 0.00 30.00 0.00 21.00 0.00 25.50 0.00 0.279604
4 33.00 0.00 31.50 0.00 22.50 0.00 24.00 0.00 0.0218141
4 31.50 0.00 30.00 0.00 24.00 0.00 25.50 0.00 0.0769771
4 33.00 0.00 31.50 0.00 24.00 0.00 25.50 0.00 0.0397254
4 49.50 0.00 43.50 0.00 7.50 0.00 13.50 0.00 0.00768362
4 51.00 0.00 43.50 0.00 6.00 0.00 13.50 0.00 0.0104544
4 33.00 0.00 30.00 0.00 24.00 0.00 27.00 0.00 0.363794
4 31.50 0.00 30.00 0.00 25.50 0.00 27.00 0.00 0.176854
4 42.00 0.00 37.50 0.00 15.00 0.00 19.50 0.00 0.019052
4 42.00 0.00 39.00 0.00 15.00 0.00 18.00 0.00 0.00673225
4 55.50 0.00 49.50 0.00 1.50 0.00 7.50 0.00 0.00349185
4 46.50 0.00 37.50 0.00 10.50 0.00 19.50 0.00 0.0475545
4 43.50 0.00 36.00 0.00 13.50 0.00 21.00 0.00 0.0606075
4 42.00 0.00 33.00 0.00 15.00 0.00 24.00 0.00 0.189763
4 43.50 0.00 37.50 0.00 13.50 0.00 19.50 0.00 0.029127
4 40.50 0.00 34.50 0.00 16.50 0.00 22.50 0.00 0.0744549
4 40.50 0.00 37.50 0.00 16.50 0.00 19.50 0.00 0.00941745
4 46.50 0.00 40.50 0.00 10.50 0.00 16.50 0.00 0.0152121
4 43.50 0.00 40.50 0.00 13.50 0.00 16.50 0.00 0.0053331
4 39.00 0.00 36.00 0.00 18.00 0.00 21.00 0.00 0.0166192
4 46.50 0.00 42.00 0.00 10.50 0.00 15.00 0.00 0.00714314
4 37.50 0.00 34.50 0.00 19.50 0.00 22.50 0.00 0.0319169
4 51.00 0.00 46.50 0.00 6.00 0.00 10.50 0.00 0.00297447
4 52.50 0.00 46.50 0.00 4.50 0.00 10.50 0.00 0.00478726
4 37.50 0.00 31.50 0.00 19.50 0.00 25.50 0.00 0.241661
4 55.50 0.00 46.50 0.00 1.50 0.00 10.50 0.00 0.00982839
4 37.50 0.00 33.00 0.00 19.50 0.00 24.00 0.00 0.0926678
4 36.00 0.00 33.00 0.00 21.00 0.00 24.00 0.00 0.0531441
4 36.00 0.00 34.50 0.00 21.00 0.00 22.50 0.00 0.0106216
4 51.00 0.00 42.00 0.00 6.00 0.00 15.00 0.00 0.0193115
4 34.50 0.00 31.50 0.00 22.50 0.00 25.50 0.00 0.105781
4 34.50 0.00 33.00 0.00 22.50 0.00 24.00 0.00 0.0166483
4 36.00 0.00 34.50 0.00 22.50 0.00 24.00 0.00 0.0113537
4 36.00 0.00 31.50 0.00 22.50 0.00 27.00 0.00 0.271335
4 34.50 0.00 33.00 0.00 24.00 0.00 25.50 0.00 0.027761
4 33.00 0.00 31.50 0.00 25.50 0.00 27.00 0.00 0.0702642
4 55.50 0.00 48.00 0.00 3.00 0.00 10.50 0.00 0.00655632
4 31.50 0.00 30.00 0.00 27.00 0.00 28.50 0.00 0.780087
4 45.00 0.00 40.50 0.00 13.50 0.00 18.00 0.00 0.0116523
4 49.50 0.00 45.00 0.00 9.00 0.00 13.50 0.00 0.0039783
4 40.50 0.00 33.00 0.00 18.00 0.00 25.50 0.00 0.211054
4 40.50 0.00 36.00 0.00 18.00 0.00 22.50 0.00 0.0389889
4 48.00 0.00 40.50 0.00 10.50 0.00 18.00 0.00 0.0235867
4 39.00 0.00 33.00 0.00 21.00 0.00 27.00 0.00 0.239021
4 39.00 0.00 34.50 0.00 21.00 0.00 25.50 0.00 0.0875962
4 39.00 0.00 36.00 0.00 21.00 0.00 24.00 0.00 0.0270881
4 37.50 0.00 34.50 0.00 22.50 0.00 25.50 0.00 0.0507797
4 48.00 0.00 42.00 0.00 12.00 0.00 18.00 0.00 0.0151677
4 37.50 0.00 36.00 0.00 22.50 0.00 24.00 0.00 0.00857213
4 60.00 0.00 52.50 0.00 0.00 0.00 7.50 0.00 0.00570514
4 48.00 0.00 43.50 0.00 12.00 0.00 16.50 0.00 0.00720143
4 36.00 0.00 33.00 0.00 24.00 0.00 27.00 0.00 0.111518
4 36.00 0.00 34.50 0.00 24.00 0.00 25.50 0.00 0.0178593
4 45.00 0.00 42.00 0.00 15.00 0.00 18.00 0.00 0.00504356
4 45.00 0.00 37.50 0.00 15.00 0.00 22.50 0.00 0.0551939
4 45.00 0.00 39.00 0.00 15.00 0.00 21.00 0.00 0.0268741
4 57.00 0.00 51.00 0.00 3.00 0.00 9.00 0.00 0.00422593
4 34.50 0.00 31.50 0.00 25.50 0.00 28.50 0.00 0.351265
4 34.50 0.00 33.00 0.00 25.50 0.00 27.00 0.00 0.0419255
4 33.00 0.00 31.50 0.00 27.00 0.00 28.50 0.00 0.16487
4 52.50 0.00 43.50 0.00 7.50 0.00 16.50 0.00 0.01843
4 60.00 0.00 54.00 0.00 0.00 0.00 6.00 0.00 0.00350968
4 43.50 0.00 40.50 0.00 16.50 0.00 19.50 0.00 0.00653248
4 52.50 0.00 48.00 0.00 7.50 0.00 12.00 0.00 0.00274698
4 51.00 0.00 45.00 0.00 9.00 0.00 15.00 0.00 0.00755617
4 43.50 0.00 39.00 0.00 16.50 0.00 21.00 0.00 0.0179768
4 52.50 0.00 45.00 0.00 7.50 0.00 15.00 0.00 0.0107671
4 42.00 0.00 39.00 0.00 18.00 0.00 21.00 0.00 0.00976628
4 43.50 0.00 34.50 0.00 16.50 0.00 25.50 0.00 0.178399
4 54.00 0.00 48.00 0.00 6.00 0.00 12.00 0.00 0.00484759
4 57.00 0.00 48.00 0.00 3.00 0.00 12.00 0.00 0.0105368
4 42.00 0.00 36.00 0.00 18.00 0.00 24.00 0.00 0.0674861
4 40.50 0.00 37.50 0.00 19.50 0.00 22.50 0.00 0.0155178
4 48.00 0.00 39.00 0.00 12.00 0.00 21.00 0.00 0.0454825
4 51.00 0.00 46.50 0.00 10.50 0.00 15.00 0.00 0.00440719
4 42.00 0.00 37.50 0.00 19.50 0.00 24.00 0.00 0.0331671
4 42.00 0.00 34.50 0.00 19.50 0.00 27.00 0.00 0.197169
4 33.00 0.00 31.50 0.00 28.50 0.00 30.00 0.00 0.807566
4 37.50 0.00 33.00 0.00 24.00 0.00 28.50 0.00 0.276649
4 46.50 0.00 42.00 0.00 15.00 0.00 19.50 0.00 0.00952431
4 37.50 0.00 36.00 0.00 24.00 0.00 25.50 0.00 0.0129951
4 49.50 0.00 42.00 0.00 12.00 0.00 19.50 0.00 0.0210258
4 36.00 0.00 34.50 0.00 25.50 0.00 27.00 0.00 0.0243291
4 57.00 0.00 49.50 0.00 4.50 0.00 12.00 0.00 0.0076924
4 34.50 0.00 33.00 0.00 27.00 0.00 28.50 0.00 0.0745909
4 49.50 0.00 45.00 0.00 13.50 0.00 18.00 0.00 0.00633705
4 43.50 0.00 37.50 0.00 19.50 0.00 25.50 0.00 0.062194
4 43.50 0.00 40.50 0.00 19.50 0.00 22.50 0.00 0.0103838
4 42.00 0.00 39.00 0.00 21.00 0.00 24.00 0.00 0.0139472
4 36.00 0.00 33.00 0.00 27.00 0.00 30.00 0.00 0.358561
4 52.50 0.00 46.50 0.00 10.50 0.00 16.50 0.00 0.00766202
4 61.50 0.00 54.00 0.00 1.50 0.00 9.00 0.00 0.00633552
4 63.00 0.00 54.00 0.00 0.00 0.00 9.00 0.00 0.00861919
4 54.00 0.00 45.00 0.00 9.00 0.00 18.00 0.00 0.0175926
4 54.00 0.00 46.50 0.00 9.00 0.00 16.50 0.00 0.0108704
4 40.50 0.00 36.00 0.00 22.50 0.00 27.00 0.00 0.0776979
4 40.50 0.00 37.50 0.00 22.50 0.00 25.50 0.00 0.0225723
4 34.50 0.00 33.00 0.00 28.50 0.00 30.00 0.00 0.178888
4 40.50 0.00 34.50 0.00 22.50 0.00 28.50 0.00 0.213412
4 58.50 0.00 52.50 0.00 4.50 0.00 10.50 0.00 0.00512103
4 39.00 0.00 36.00 0.00 24.00 0.00 27.00 0.00 0.0473014
4 39.00 0.00 37.50 0.00 24.00 0.00 25.50 0.00 0.00776587
4 37.50 0.00 36.00 0.00 25.50 0.00 27.00 0.00 0.0167931
4 46.50 0.00 43.50 0.00 16.50 0.00 19.50 0.00 0.00317305
4 49.50 0.00 40.50 0.00 13.50 0.00 22.50 0.00 0.0446102
4 61.50 0.00 55.50 0.00 1.50 0.00 7.50 0.00 0.00393879
4 46.50 0.00 39.00 0.00 16.50 0.00 24.00 0.00 0.0492801
4 46.50 0.00 40.50 0.00 16.50 0.00 22.50 0.00 0.0239484
4 37.50 0.00 34.50 0.00 25.50 0.00 28.50 0.00 0.102065
4 54.00 0.00 49.50 0.00 9.00 0.00 13.50 0.00 0.00285952
4 36.00 0.00 34.50 0.00 27.00 0.00 28.50 0.00 0.036606
4 55.50 0.00 49.50 0.00 7.50 0.00 13.50 0.00 0.00510636
4 49.50 0.00 43.50 0.00 13.50 0.00 19.50 0.00 0.0123597
4 45.00 0.00 42.00 0.00 18.00 0.00 21.00 0.00 0.0051838
4 58.50 0.00 49.50 0.00 4.50 0.00 13.50 0.00 0.0117371
4 45.00 0.00 36.00 0.00 18.00 0.00 27.00 0.00 0.163703
4 45.00 0.00 40.50 0.00 18.00 0.00 22.50 0.00 0.0176237
4 51.00 0.00 43.50 0.00 13.50 0.00 21.00 0.00 0.0194069
4 39.00 0.00 34.50 0.00 25.50 0.00 30.00 0.00 0.249578
4 43.50 0.00 39.00 0.00 21.00 0.00 25.50 0.00 0.0331241
4 43.50 0.00 36.00 0.00 21.00 0.00 28.50 0.00 0.181261
4 58.50 0.00 51.00 0.00 6.00 0.00 13.50 0.00 0.00845307
4 36.00 0.00 34.50 0.00 28.50 0.00 30.00 0.00 0.0687542
4 52.50 0.00 48.00 0.00 12.00 0.00 16.50 0.00 0.00391335
4 39.00 0.00 37.50 0.00 25.50 0.00 27.00 0.00 0.00972013
4 48.00 0.00 43.50 0.00 16.50 0.00 21.00 0.00 0.00807803
4 37.50 0.00 36.00 0.00 27.00 0.00 28.50 0.00 0.0238548
4 34.50 0.00 33.00 0.00 30.00 0.00 31.50 0.00 1.36852
4 54.00 0.00 48.00 0.00 12.00 0.00 18.00 0.00 0.00726452
4 36.00 0.00 34.50 0.00 30.00 0.00 31.50 0.00 0.231063
4 60.00 0.00 54.00 0.00 6.00 0.00 12.00 0.00 0.00522889
4 55.50 0.00 46.50 0.00 10.50 0.00 19.50 0.00 0.0178597
4 48.00 0.00 42.00 0.00 18.00 0.00 24.00 0.00 0.0232576
4 55.50 0.00 48.00 0.00 10.50 0.00 18.00 0.00 0.0106895
4 39.00 0.00 37.50 0.00 27.00 0.00 28.50 0.00 0.0127794
4 48.00 0.00 40.50 0.00 18.00 0.00 25.50 0.00 0.0481463
4 55.50 0.00 51.00 0.00 10.50 0.00 15.00 0.00 0.00326841
4 46.50 0.00 42.00 0.00 19.50 0.00 24.00 0.00 0.0160847
4 46.50 0.00 43.50 0.00 19.50 0.00 22.50 0.00 0.00374512
4 45.00 0.00 42.00 0.00 21.00 0.00 24.00 0.00 0.00885822
4 46.50 0.00 37.50 0.00 19.50 0.00 28.50 0.00 0.144214
4 60.00 0.00 51.00 0.00 6.00 0.00 15.00 0.00 0.0125204
4 63.00 0.00 55.50 0.00 3.00 0.00 10.50 0.00 0.00703439
4 42.00 0.00 36.00 0.00 24.00 0.00 30.00 0.00 0.199792
4 45.00 0.00 39.00 0.00 21.00 0.00 27.00 0.00 0.0577316
4 57.00 0.00 51.00 0.00 9.00 0.00 15.00 0.00 0.00612936
4 51.00 0.00 45.00 0.00 15.00 0.00 21.00 0.00 0.0117591
4 51.00 0.00 46.50 0.00 15.00 0.00 19.50 0.00 0.00553266
4 64.50 0.00 55.50 0.00 1.50 0.00 10.50 0.00 0.0092182
4 39.00 0.00 36.00 0.00 27.00 0.00 30.00 0.00 0.0936679
4 48.00 0.00 45.00 0.00 18.00 0.00 21.00 0.00 0.00351008
4 37.50 0.00 36.00 0.00 28.50 0.00 30.00 0.00 0.0381007
4 43.50 0.00 40.50 0.00 22.50 0.00 25.50 0.00 0.0136513
4 37.50 0.00 34.50 0.00 28.50 0.00 31.50 0.00 0.431882
4 63.00 0.00 57.00 0.00 3.00 0.00 9.00 0.00 0.00398755
4 42.00 0.00 39.00 0.00 24.00 0.00 27.00 0.00 0.0227747
4 42.00 0.00 37.50 0.00 24.00 0.00 28.50 0.00 0.0684512
4 40.50 0.00 37.50 0.00 25.50 0.00 28.50 0.00 0.038251
4 40.50 0.00 39.00 0.00 25.50 0.00 27.00 0.00 0.00694742
4 51.00 0.00 42.00 0.00 15.00 0.00 24.00 0.00 0.0403737
4 37.50 0.00 36.00 0.00 30.00 0.00 31.50 0.00 0.0946448
4 45.00 0.00 37.50 0.00 22.50 0.00 30.00 0.00 0.155286
4 40.50 0.00 39.00 0.00 27.00 0.00 28.50 0.00 0.00875038
4 36.00 0.00 34.50 0.00 31.50 0.00 33.00 0.00 1.96676
4 54.00 0.00 49.50 0.00 13.50 0.00 18.00 0.00 0.00421657
4 45.00 0.00 40.50 0.00 22.50 0.00 27.00 0.00 0.0293504
4 52.50 0.00 45.00 0.00 15.00 0.00 22.50 0.00 0.0193475
4 60.00 0.00 52.50 0.00 7.50 0.00 15.00 0.00 0.00934936
4 40.50 0.00 36.00 0.00 27.00 0.00 31.50 0.00 0.274358
4 67.50 0.00 60.00 0.00 0.00 0.00 7.50 0.00 0.00483766
4 49.50 0.00 45.00 0.00 18.00 0.00 22.50 0.00 0.00894107
4 39.00 0.00 37.50 0.00 28.50 0.00 30.00 0.00 0.0190861
4 61.50 0.00 52.50 0.00 7.50 0.00 16.50 0.00 0.0140728
4 58.50 0.00 52.50 0.00 10.50 0.00 16.50 0.00 0.0072957
4 49.50 0.00 46.50 0.00 19.50 0.00 22.50 0.00 0.00616301
4 48.00 0.00 45.00 0.00 21.00 0.00 24.00 0.00 0.00568861
4 61.50 0.00 55.50 0.00 7.50 0.00 13.50 0.00 0.00537149
4 48.00 0.00 39.00 0.00 21.00 0.00 30.00 0.00 0.137073
4 43.50 0.00 40.50 0.00 25.50 0.00 28.50 0.00 0.0214849
4 42.00 0.00 40.50 0.00 27.00 0.00 28.50 0.00 0.00650363
4 52.50 0.00 43.50 0.00 16.50 0.00 25.50 0.00 0.0375732
4 39.00 0.00 36.00 0.00 30.00 0.00 33.00 0.00 0.483106
4 39.00 0.00 37.50 0.00 30.00 0.00 31.50 0.00 0.0412373
4 64.50 0.00 57.00 0.00 4.50 0.00 12.00 0.00 0.00697962
4 66.00 0.00 57.00 0.00 3.00 0.00 12.00 0.00 0.00952394
4 37.50 0.00 36.00 0.00 31.50 0.00 33.00 0.00 0.260872
4 49.50 0.00 42.00 0.00 19.50 0.00 27.00 0.00 0.045496
4 49.50 0.00 43.50 0.00 19.50 0.00 25.50 0.00 0.0227742
4 48.00 0.00 43.50 0.00 21.00 0.00 25.50 0.00 0.0151932
4 55.50 0.00 49.50 0.00 13.50 0.00 19.50 0.00 0.00775485
4 43.50 0.00 37.50 0.00 25.50 0.00 31.50 0.00 0.198332
4 46.50 0.00 40.50 0.00 22.50 0.00 28.50 0.00 0.0536693
4 43.50 0.00 39.00 0.00 25.50 0.00 30.00 0.00 0.06479
4 57.00 0.00 48.00 0.00 12.00 0.00 21.00 0.00 0.0193863
4 57.00 0.00 49.50 0.00 12.00 0.00 19.50 0.00 0.0122166
4 64.50 0.00 58.50 0.00 4.50 0.00 10.50 0.00 0.00425135
4 46.50 0.00 43.50 0.00 22.50 0.00 25.50 0.00 0.00915715
4 52.50 0.00 46.50 0.00 16.50 0.00 22.50 0.00 0.0139548
4 52.50 0.00 48.00 0.00 16.50 0.00 21.00 0.00 0.00544691
4 42.00 0.00 39.00 0.00 27.00 0.00 30.00 0.00 0.0362284
4 45.00 0.00 42.00 0.00 24.00 0.00 27.00 0.00 0.0120615
4 40.50 0.00 37.50 0.00 28.50 0.00 31.50 0.00 0.0962851
4 40.50 0.00 39.00 0.00 28.50 0.00 30.00 0.00 0.0122113
4 57.00 0.00 52.50 0.00 12.00 0.00 16.50 0.00 0.00476591
4 46.50 0.00 42.00 0.00 24.00 0.00 28.50 0.00 0.0265033
4 42.00 0.00 40.50 0.00 28.50 0.00 30.00 0.00 0.00868906
4 42.00 0.00 37.50 0.00 28.50 0.00 33.00 0.00 0.273701
4 51.00 0.00 46.50 0.00 19.50 0.00 24.00 0.00 0.00919679
4 61.50 0.00 54.00 0.00 9.00 0.00 16.50 0.00 0.0102965
4 40.50 0.00 39.00 0.00 30.00 0.00 31.50 0.00 0.0238672
4 46.50 0.00 39.00 0.00 24.00 0.00 31.50 0.00 0.161477
4 39.00 0.00 37.50 0.00 31.50 0.00 33.00 0.00 0.0862684
4 37.50 0.00 36.00 0.00 33.00 0.00 34.50 0.00 2.01506
4 69.00 0.00 61.50 0.00 1.50 0.00 9.00 0.00 0.00575396
4 55.50 0.00 51.00 0.00 15.00 0.00 19.50 0.00 0.0044895
4 54.00 0.00 46.50 0.00 16.50 0.00 24.00 0.00 0.0190692
4 54.00 0.00 48.00 0.00 18.00 0.00 24.00 0.00 0.0117746
4 54.00 0.00 49.50 0.00 18.00 0.00 22.50 0.00 0.0060056
4 43.50 0.00 40.50 0.00 28.50 0.00 31.50 0.00 0.0424274
4 46.50 0.00 43.50 0.00 25.50 0.00 28.50 0.00 0.00932403
4 43.50 0.00 42.00 0.00 28.50 0.00 30.00 0.00 0.00664551
4 54.00 0.00 45.00 0.00 18.00 0.00 27.00 0.00 0.0382355
4 58.50 0.00 49.50 0.00 13.50 0.00 22.50 0.00 0.0221182
4 51.00 0.00 48.00 0.00 21.00 0.00 24.00 0.00 0.00371553
4 60.00 0.00 54.00 0.00 12.00 0.00 18.00 0.00 0.00757642
4 58.50 0.00 51.00 0.00 13.50 0.00 21.00 0.00 0.01392
4 51.00 0.00 45.00 0.00 21.00 0.00 27.00 0.00 0.0224362
4 72.00 0.00 63.00 0.00 0.00 0.00 9.00 0.00 0.0070668
4 66.00 0.00 58.50 0.00 6.00 0.00 13.50 0.00 0.0073234
4 67.50 0.00 58.50 0.00 4.50 0.00 13.50 0.00 0.0096718
4 49.50 0.00 45.00 0.00 22.50 0.00 27.00 0.00 0.0144602
4 49.50 0.00 46.50 0.00 22.50 0.00 25.50 0.00 0.00359968
4 42.00 0.00 39.00 0.00 30.00 0.00 33.00 0.00 0.106388
4 49.50 0.00 40.50 0.00 22.50 0.00 31.50 0.00 0.137908
4 42.00 0.00 40.50 0.00 30.00 0.00 31.50 0.00 0.0157775
4 40.50 0.00 39.00 0.00 31.50 0.00 33.00 0.00 0.0422462
4 58.50 0.00 54.00 0.00 13.50 0.00 18.00 0.00 0.00449236
4 63.00 0.00 54.00 0.00 9.00 0.00 18.00 0.00 0.0149677
4 48.00 0.00 42.00 0.00 24.00 0.00 30.00 0.00 0.0494489
4 48.00 0.00 45.00 0.00 24.00 0.00 27.00 0.00 0.00780285
4 40.50 0.00 37.50 0.00 31.50 0.00 34.50 0.00 0.506967
4 39.00 0.00 37.50 0.00 33.00 0.00 34.50 0.00 0.271138
4 66.00 0.00 60.00 0.00 6.00 0.00 12.00 0.00 0.00460865
4 63.00 0.00 57.00 0.00 9.00 0.00 15.00 0.00 0.00560598
4 45.00 0.00 39.00 0.00 27.00 0.00 33.00 0.00 0.203507
4 45.00 0.00 40.50 0.00 27.00 0.00 31.50 0.00 0.0673963
4 45.00 0.00 42.00 0.00 27.00 0.00 30.00 0.00 0.0186104
4 51.00 0.00 43.50 0.00 21.00 0.00 28.50 0.00 0.0410615
4 57.00 0.00 51.00 0.00 15.00 0.00 21.00 0.00 0.0091762
4 39.00 0.00 37.50 0.00 34.50 0.00 36.00 0.00 1.35743
4 57.00 0.00 52.50 0.00 16.50 0.00 21.00 0.00 0.00520044
4 55.50 0.00 48.00 0.00 18.00 0.00 25.50 0.00 0.0209387
4 52.50 0.00 48.00 0.00 21.00 0.00 25.50 0.00 0.00860536
4 43.50 0.00 42.00 0.00 30.00 0.00 31.50 0.00 0.0112861
4 43.50 0.00 39.00 0.00 30.00 0.00 34.50 0.00 0.322354
4 42.00 0.00 40.50 0.00 31.50 0.00 33.00 0.00 0.0245223
4 70.50 0.00 63.00 0.00 3.00 0.00 10.50 0.00 0.00589606
4 48.00 0.00 43.50 0.00 25.50 0.00 30.00 0.00 0.023863
4 40.50 0.00 39.00 0.00 33.00 0.00 34.50 0.00 0.107575
4 48.00 0.00 40.50 0.00 25.50 0.00 33.00 0.00 0.164025
4 63.00 0.00 55.50 0.00 10.50 0.00 18.00 0.00 0.0109694
4 49.50 0.00 46.50 0.00 25.50 0.00 28.50 0.00 0.00756826
4 42.00 0.00 39.00 0.00 33.00 0.00 36.00 0.00 0.543701
4 42.00 0.00 40.50 0.00 33.00 0.00 34.50 0.00 0.0523097
4 61.50 0.00 55.50 0.00 13.50 0.00 19.50 0.00 0.00790602
4 46.50 0.00 42.00 0.00 28.50 0.00 33.00 0.00 0.0669228
4 46.50 0.00 43.50 0.00 28.50 0.00 31.50 0.00 0.0184065
4 40.50 0.00 39.00 0.00 34.50 0.00 36.00 0.00 0.27291
4 46.50 0.00 40.50 0.00 28.50 0.00 34.50 0.00 0.220413
4 58.50 0.00 52.50 0.00 16.50 0.00 22.50 0.00 0.010983
4 64.50 0.00 55.50 0.00 10.50 0.00 19.50 0.00 0.0154298
4 52.50 0.00 45.00 0.00 22.50 0.00 30.00 0.00 0.0409466
4 64.50 0.00 58.50 0.00 10.50 0.00 16.50 0.00 0.00577221
4 73.50 0.00 64.50 0.00 1.50 0.00 10.50 0.00 0.00757289
4 55.50 0.00 51.00 0.00 19.50 0.00 24.00 0.00 0.00671989
4 55.50 0.00 46.50 0.00 19.50 0.00 28.50 0.00 0.0412151
4 45.00 0.00 42.00 0.00 30.00 0.00 33.00 0.00 0.0425153
4 45.00 0.00 43.50 0.00 30.00 0.00 31.50 0.00 0.00648583
4 55.50 0.00 49.50 0.00 19.50 0.00 25.50 0.00 0.0136678
4 48.00 0.00 45.00 0.00 27.00 0.00 30.00 0.00 0.0109903
4 75.00 0.00 67.50 0.00 0.00 0.00 7.50 0.00 0.00429733
4 52.50 0.00 46.50 0.00 22.50 0.00 28.50 0.00 0.019974
4 52.50 0.00 49.50 0.00 22.50 0.00 25.50 0.00 0.00357091
4 67.50 0.00 61.50 0.00 7.50 0.00 13.50 0.00 0.00468722
4 67.50 0.00 60.00 0.00 7.50 0.00 15.00 0.00 0.00763835
4 51.00 0.00 48.00 0.00 24.00 0.00 27.00 0.00 0.00517982
4 43.50 0.00 40.50 0.00 31.50 0.00 34.50 0.00 0.121661
4 60.00 0.00 55.50 0.00 15.00 0.00 19.50 0.00 0.0049483
4 51.00 0.00 42.00 0.00 24.00 0.00 33.00 0.00 0.136317
4 43.50 0.00 42.00 0.00 31.50 0.00 33.00 0.00 0.0158403
4 69.00 0.00 60.00 0.00 6.00 0.00 15.00 0.00 0.0109906
4 60.00 0.00 51.00 0.00 15.00 0.00 24.00 0.00 0.0231178
4 60.00 0.00 52.50 0.00 15.00 0.00 22.50 0.00 0.0155134
4 49.50 0.00 43.50 0.00 25.50 0.00 31.50 0.00 0.0475272
4 51.00 0.00 46.50 0.00 24.00 0.00 28.50 0.00 0.0145272
4 43.50 0.00 42.00 0.00 33.00 0.00 34.50 0.00 0.0291516
4 42.00 0.00 40.50 0.00 34.50 0.00 36.00 0.00 0.110651
4 49.50 0.00 42.00 0.00 27.00 0.00 34.50 0.00 0.167143
4 40.50 0.00 39.00 0.00 36.00 0.00 37.50 0.00 1.46112
4 58.50 0.00 54.00 0.00 18.00 0.00 22.50 0.00 0.00729158
4 64.50 0.00 57.00 0.00 12.00 0.00 19.50 0.00 0.0107068
4 57.00 0.00 49.50 0.00 19.50 0.00 27.00 0.00 0.0237826
4 45.00 0.00 43.50 0.00 31.50 0.00 33.00 0.00 0.00899653
4 49.50 0.00 45.00 0.00 27.00 0.00 31.50 0.00 0.0266948
4 45.00 0.00 40.50 0.00 31.50 0.00 36.00 0.00 0.330856
4 72.00 0.00 64.50 0.00 4.50 0.00 12.00 0.00 0.00614635
4 54.00 0.00 49.50 0.00 22.50 0.00 27.00 0.00 0.00877823
4 49.50 0.00 46.50 0.00 28.50 0.00 31.50 0.00 0.0121498
4 45.00 0.00 42.00 0.00 33.00 0.00 36.00 0.00 0.118929
4 45.00 0.00 43.50 0.00 33.00 0.00 34.50 0.00 0.0141266
4 75.00 0.00 66.00 0.00 3.00 0.00 12.00 0.00 0.00746873
4 63.00 0.00 57.00 0.00 15.00 0.00 21.00 0.00 0.00803908
4 54.00 0.00 51.00 0.00 24.00 0.00 27.00 0.00 0.0041249
4 52.50 0.00 43.50 0.00 25.50 0.00 34.50 0.00 0.13165
4 61.50 0.00 54.00 0.00 16.50 0.00 24.00 0.00 0.0168077
4 66.00 0.00 60.00 0.00 12.00 0.00 18.00 0.00 0.00655314
4 52.50 0.00 49.50 0.00 25.50 0.00 28.50 0.00 0.00486549
4 61.50 0.00 57.00 0.00 16.50 0.00 21.00 0.00 0.00462369
4 43.50 0.00 40.50 0.00 34.50 0.00 37.50 0.00 0.571611
4 43.50 0.00 42.00 0.00 34.50 0.00 36.00 0.00 0.0528872
4 61.50 0.00 52.50 0.00 16.50 0.00 25.50 0.00 0.0258606
4 48.00 0.00 45.00 0.00 30.00 0.00 33.00 0.00 0.0206216
4 60.00 0.00 54.00 0.00 18.00 0.00 24.00 0.00 0.011867
4 42.00 0.00 40.50 0.00 36.00 0.00 37.50 0.00 0.294469
4 69.00 0.00 61.50 0.00 9.00 0.00 16.50 0.00 0.00847087
4 57.00 0.00 48.00 0.00 21.00 0.00 30.00 0.00 0.042873
4 70.50 0.00 61.50 0.00 7.50 0.00 16.50 0.00 0.0120877
4 46.50 0.00 45.00 0.00 31.50 0.00 33.00 0.00 0.00580501
4 69.00 0.00 63.00 0.00 9.00 0.00 15.00 0.00 0.00523838
4 76.50 0.00 69.00 0.00 1.50 0.00 9.00 0.00 0.00389145
4 54.00 0.00 46.50 0.00 24.00 0.00 31.50 0.00 0.0443333
4 54.00 0.00 48.00 0.00 24.00 0.00 30.00 0.00 0.021066
4 48.00 0.00 42.00 0.00 30.00 0.00 36.00 0.00 0.222752
4 52.50 0.00 48.00 0.00 25.50 0.00 30.00 0.00 0.0130546
4 48.00 0.00 43.50 0.00 30.00 0.00 34.50 0.00 0.066702
4 51.00 0.00 48.00 0.00 27.00 0.00 30.00 0.00 0.00664295
4 46.50 0.00 43.50 0.00 31.50 0.00 34.50 0.00 0.0382025
4 57.00 0.00 51.00 0.00 21.00 0.00 27.00 0.00 0.0160105
4 57.00 0.00 52.50 0.00 21.00 0.00 25.50 0.00 0.0088132
4 66.00 0.00 57.00 0.00 12.00 0.00 21.00 0.00 0.0161863
4 51.00 0.00 45.00 0.00 27.00 0.00 33.00 0.00 0.0502414
4 58.50 0.00 51.00 0.00 21.00 0.00 28.50 0.00 0.0263179
4 51.00 0.00 46.50 0.00 28.50 0.00 33.00 0.00 0.0284898
4 46.50 0.00 42.00 0.00 33.00 0.00 37.50 0.00 0.320581
4 45.00 0.00 43.50 0.00 34.50 0.00 36.00 0.00 0.0228794
4 66.00 0.00 58.50 0.00 13.50 0.00 21.00 0.00 0.0111423
4 55.50 0.00 51.00 0.00 24.00 0.00 28.50 0.00 0.0103403
4 51.00 0.00 43.50 0.00 28.50 0.00 36.00 0.00 0.159287
4 60.00 0.00 55.50 0.00 19.50 0.00 24.00 0.00 0.00683509
4 43.50 0.00 42.00 0.00 36.00 0.00 37.50 0.00 0.113716
4 42.00 0.00 40.50 0.00 37.50 0.00 39.00 0.00 1.10822
4 46.50 0.00 45.00 0.00 33.00 0.00 34.50 0.00 0.00928834
4 73.50 0.00 66.00 0.00 6.00 0.00 13.50 0.00 0.00623654
4 46.50 0.00 45.00 0.00 34.50 0.00 36.00 0.00 0.014824
4 55.50 0.00 48.00 0.00 25.50 0.00 33.00 0.00 0.0463901
4 55.50 0.00 49.50 0.00 25.50 0.00 31.50 0.00 0.0248817
4 81.00 0.00 72.00 0.00 0.00 0.00 9.00 0.00 0.00411493
4 54.00 0.00 49.50 0.00 27.00 0.00 31.50 0.00 0.0148731
4 54.00 0.00 51.00 0.00 27.00 0.00 30.00 0.00 0.00508478
4 70.50 0.00 63.00 0.00 10.50 0.00 18.00 0.00 0.00899774
4 54.00 0.00 45.00 0.00 27.00 0.00 36.00 0.00 0.137683
4 76.50 0.00 67.50 0.00 4.50 0.00 13.50 0.00 0.0079178
4 58.50 0.00 52.50 0.00 22.50 0.00 28.50 0.00 0.0177767
4 49.50 0.00 43.50 0.00 31.50 0.00 37.50 0.00 0.20041
4 58.50 0.00 54.00 0.00 22.50 0.00 27.00 0.00 0.00979414
4 52.50 0.00 46.50 0.00 28.50 0.00 34.50 0.00 0.0531824
4 70.50 0.00 64.50 0.00 10.50 0.00 16.50 0.00 0.00579451
4 52.50 0.00 49.50 0.00 28.50 0.00 31.50 0.00 0.00767843
4 72.00 0.00 63.00 0.00 9.00 0.00 18.00 0.00 0.0120305
4 46.50 0.00 43.50 0.00 34.50 0.00 37.50 0.00 0.101678
4 55.50 0.00 52.50 0.00 25.50 0.00 28.50 0.00 0.00479021
4 45.00 0.00 42.00 0.00 36.00 0.00 39.00 0.00 0.479985
4 45.00 0.00 43.50 0.00 36.00 0.00 37.50 0.00 0.0408296
4 64.50 0.00 58.50 0.00 16.50 0.00 22.50 0.00 0.00832519
4 67.50 0.00 58.50 0.00 13.50 0.00 22.50 0.00 0.0164658
4 63.00 0.00 58.50 0.00 18.00 0.00 22.50 0.00 0.00518864
4 51.00 0.00 48.00 0.00 30.00 0.00 33.00 0.00 0.0119065
4 63.00 0.00 54.00 0.00 18.00 0.00 27.00 0.00 0.0290201
4 63.00 0.00 55.50 0.00 18.00 0.00 25.50 0.00 0.017935
4 49.50 0.00 46.50 0.00 31.50 0.00 34.50 0.00 0.0211658
4 61.50 0.00 55.50 0.00 19.50 0.00 25.50 0.00 0.0128374
4 78.00 0.00 70.50 0.00 3.00 0.00 10.50 0.00 0.00390349
4 49.50 0.00 45.00 0.00 31.50 0.00 36.00 0.00 0.0671983
4 43.50 0.00 42.00 0.00 37.50 0.00 39.00 0.00 0.254761
4 58.50 0.00 49.50 0.00 22.50 0.00 31.50 0.00 0.0492863
4 48.00 0.00 45.00 0.00 33.00 0.00 36.00 0.00 0.0409365
4 48.00 0.00 46.50 0.00 33.00 0.00 34.50 0.00 0.00711723
4 67.50 0.00 61.50 0.00 13.50 0.00 19.50 0.00 0.00619313
4 61.50 0.00 57.00 0.00 21.00 0.00 25.50 0.00 0.00695722
4 57.00 0.00 52.50 0.00 25.50 0.00 30.00 0.00 0.0122339
4 43.50 0.00 42.00 0.00 39.00 0.00 40.50 0.00 1.39197
4 48.00 0.00 46.50 0.00 34.50 0.00 36.00 0.00 0.00962829
4 67.50 0.00 60.00 0.00 15.00 0.00 22.50 0.00 0.0118497
4 46.50 0.00 45.00 0.00 36.00 0.00 37.50 0.00 0.0232328
4 48.00 0.00 43.50 0.00 34.50 0.00 39.00 0.00 0.252169
4 60.00 0.00 52.50 0.00 22.50 0.00 30.00 0.00 0.028164
4 52.50 0.00 45.00 0.00 30.00 0.00 37.50 0.00 0.16192
4 75.00 0.00 67.50 0.00 7.50 0.00 15.00 0.00 0.00666629
4 52.50 0.00 48.00 0.00 30.00 0.00 34.50 0.00 0.0279057
4 45.00 0.00 43.50 0.00 37.50 0.00 39.00 0.00 0.0709793
4 73.50 0.00 64.50 0.00 10.50 0.00 19.50 0.00 0.0122663
4 52.50 0.00 49.50 0.00 31.50 0.00 34.50 0.00 0.0118228
4 45.00 0.00 43.50 0.00 39.00 0.00 40.50 0.00 0.205552
4 60.00 0.00 51.00 0.00 24.00 0.00 33.00 0.00 0.0554227
4 64.50 0.00 55.50 0.00 19.50 0.00 28.50 0.00 0.030001
4 64.50 0.00 57.00 0.00 19.50 0.00 27.00 0.00 0.0184833
4 51.00 0.00 45.00 0.00 33.00 0.00 39.00 0.00 0.187744
4 51.00 0.00 46.50 0.00 33.00 0.00 37.50 0.00 0.0664454
4 51.00 0.00 48.00 0.00 33.00 0.00 36.00 0.00 0.0198334
4 82.50 0.00 73.50 0.00 1.50 0.00 10.50 0.00 0.00373221
4 63.00 0.00 57.00 0.00 21.00 0.00 27.00 0.00 0.0129015
4 49.50 0.00 48.00 0.00 34.50 0.00 36.00 0.00 0.00642805
4 69.00 0.00 63.00 0.00 15.00 0.00 21.00 0.00 0.00671659
4 78.00 0.00 69.00 0.00 6.00 0.00 15.00 0.00 0.00737851
4 49.50 0.00 46.50 0.00 34.50 0.00 37.50 0.00 0.0396069
4 69.00 0.00 60.00 0.00 15.00 0.00 24.00 0.00 0.0179039
4 48.00 0.00 45.00 0.00 36.00 0.00 39.00 0.00 0.0933381
4 48.00 0.00 46.50 0.00 36.00 0.00 37.50 0.00 0.0147016
4 57.00 0.00 51.00 0.00 27.00 0.00 33.00 0.00 0.0299176
4 60.00 0.00 55.50 0.00 24.00 0.00 28.50 0.00 0.0100987
4 57.00 0.00 54.00 0.00 27.00 0.00 30.00 0.00 0.0061589
4 55.50 0.00 52.50 0.00 28.50 0.00 31.50 0.00 0.00722577
4 57.00 0.00 49.50 0.00 27.00 0.00 34.50 0.00 0.0545362
4 46.50 0.00 45.00 0.00 37.50 0.00 39.00 0.00 0.0346092
4 66.00 0.00 60.00 0.00 18.00 0.00 24.00 0.00 0.00898663
4 55.50 0.00 51.00 0.00 28.50 0.00 33.00 0.00 0.0178058
4 64.50 0.00 60.00 0.00 19.50 0.00 24.00 0.00 0.00548212
4 55.50 0.00 46.50 0.00 28.50 0.00 37.50 0.00 0.145331
4 72.00 0.00 64.50 0.00 12.00 0.00 19.50 0.00 0.00926561
4 54.00 0.00 51.00 0.00 30.00 0.00 33.00 0.00 0.00865503
4 79.50 0.00 72.00 0.00 4.50 0.00 12.00 0.00 0.00363947
4 54.00 0.00 48.00 0.00 30.00 0.00 36.00 0.00 0.0532348
4 60.00 0.00 54.00 0.00 24.00 0.00 30.00 0.00 0.019833
4 46.50 0.00 43.50 0.00 37.50 0.00 40.50 0.00 0.388975
4 72.00 0.00 66.00 0.00 12.00 0.00 18.00 0.00 0.00517983
4 61.50 0.00 54.00 0.00 24.00 0.00 31.50 0.00 0.0338471
4 54.00 0.00 49.50 0.00 31.50 0.00 36.00 0.00 0.0288886
4 54.00 0.00 46.50 0.00 31.50 0.00 39.00 0.00 0.152709
4 45.00 0.00 43.50 0.00 40.50 0.00 42.00 0.00 1.72228
4 63.00 0.00 58.50 0.00 22.50 0.00 27.00 0.00 0.00681977
4 76.50 0.00 69.00 0.00 9.00 0.00 16.50 0.00 0.0063657
4 49.50 0.00 48.00 0.00 36.00 0.00 37.50 0.00 0.00882701
4 69.00 0.00 61.50 0.00 16.50 0.00 24.00 0.00 0.0123938
4 58.50 0.00 54.00 0.00 27.00 0.00 31.50 0.00 0.0157016
4 49.50 0.00 45.00 0.00 36.00 0.00 40.50 0.00 0.251604
4 48.00 0.00 46.50 0.00 37.50 0.00 39.00 0.00 0.0208675
4 46.50 0.00 45.00 0.00 39.00 0.00 40.50 0.00 0.0782381
4 66.00 0.00 57.00 0.00 21.00 0.00 30.00 0.00 0.0306429
4 46.50 0.00 45.00 0.00 40.50 0.00 42.00 0.00 0.246528
4 57.00 0.00 52.50 0.00 30.00 0.00 34.50 0.00 0.0235374
4 57.00 0.00 54.00 0.00 30.00 0.00 33.00 0.00 0.00995473
4 57.00 0.00 48.00 0.00 30.00 0.00 39.00 0.00 0.145438
4 55.50 0.00 49.50 0.00 31.50 0.00 37.50 0.00 0.0572694
4 84.00 0.00 75.00 0.00 3.00 0.00 12.00 0.00 0.00358774
4 61.50 0.00 57.00 0.00 25.50 0.00 30.00 0.00 0.00971626
4 55.50 0.00 52.50 0.00 31.50 0.00 34.50 0.00 0.0105334
4 54.00 0.00 51.00 0.00 33.00 0.00 36.00 0.00 0.0128094
4 61.50 0.00 52.50 0.00 25.50 0.00 34.50 0.00 0.0635519
4 61.50 0.00 55.50 0.00 25.50 0.00 31.50 0.00 0.0218997
4 75.00 0.00 66.00 0.00 12.00 0.00 21.00 0.00 0.01211
4 66.00 0.00 58.50 0.00 21.00 0.00 28.50 0.00 0.0189837
4 52.50 0.00 49.50 0.00 34.50 0.00 37.50 0.00 0.0193008
4 73.50 0.00 66.00 0.00 13.50 0.00 21.00 0.00 0.00920599
4 64.50 0.00 58.50 0.00 22.50 0.00 28.50 0.00 0.0127012
4 52.50 0.00 46.50 0.00 34.50 0.00 40.50 0.00 0.181762
4 52.50 0.00 48.00 0.00 34.50 0.00 39.00 0.00 0.0577167
4 73.50 0.00 67.50 0.00 13.50 0.00 19.50 0.00 0.00599015
4 51.00 0.00 48.00 0.00 36.00 0.00 39.00 0.00 0.0332857
4 51.00 0.00 49.50 0.00 36.00 0.00 37.50 0.00 0.00635265
4 70.50 0.00 61.50 0.00 16.50 0.00 25.50 0.00 0.0185703
4 70.50 0.00 64.50 0.00 16.50 0.00 22.50 0.00 0.00714553
4 49.50 0.00 48.00 0.00 37.50 0.00 39.00 0.00 0.01086
4 58.50 0.00 55.50 0.00 28.50 0.00 31.50 0.00 0.00788784
4 49.50 0.00 46.50 0.00 37.50 0.00 40.50 0.00 0.0919935
4 58.50 0.00 51.00 0.00 28.50 0.00 36.00 0.00 0.0631393
4 58.50 0.00 52.50 0.00 28.50 0.00 34.50 0.00 0.0366028
4 48.00 0.00 46.50 0.00 39.00 0.00 40.50 0.00 0.0404537
4 81.00 0.00 73.50 0.00 6.00 0.00 13.50 0.00 0.00329624
4 67.50 0.00 61.50 0.00 19.50 0.00 25.50 0.00 0.00927457
4 79.50 0.00 70.50 0.00 7.50 0.00 16.50 0.00 0.00710442
4 48.00 0.00 45.00 0.00 39.00 0.00 42.00 0.00 0.468078
4 66.00 0.00 61.50 0.00 21.00 0.00 25.50 0.00 0.00619765
4 49.50 0.00 48.00 0.00 39.00 0.00 40.50 0.00 0.0197816
4 78.00 0.00 70.50 0.00 10.50 0.00 18.00 0.00 0.00578369
4 48.00 0.00 46.50 0.00 40.50 0.00 42.00 0.00 0.103074
4 46.50 0.00 45.00 0.00 42.00 0.00 43.50 0.00 1.34706
4 64.50 0.00 60.00 0.00 24.00 0.00 28.50 0.00 0.00750273
4 63.00 0.00 55.50 0.00 25.50 0.00 33.00 0.00 0.0361774
4 55.50 0.00 48.00 0.00 33.00 0.00 40.50 0.00 0.148117
4 55.50 0.00 51.00 0.00 33.00 0.00 37.50 0.00 0.032474
4 60.00 0.00 55.50 0.00 28.50 0.00 33.00 0.00 0.0171049
4 51.00 0.00 49.50 0.00 37.50 0.00 39.00 0.00 0.00715309
4 70.50 0.00 63.00 0.00 18.00 0.00 25.50 0.00 0.0132596
4 51.00 0.00 46.50 0.00 37.50 0.00 42.00 0.00 0.279642
4 52.50 0.00 51.00 0.00 37.50 0.00 39.00 0.00 0.00466503
4 72.00 0.00 63.00 0.00 18.00 0.00 27.00 0.00 0.0197417
4 82.50 0.00 75.00 0.00 7.50 0.00 15.00 0.00 0.00319089
4 72.00 0.00 66.00 0.00 18.00 0.00 24.00 0.00 0.00763714
4 66.00 0.00 60.00 0.00 24.00 0.00 30.00 0.00 0.0140373
4 76.50 0.00 67.50 0.00 13.50 0.00 22.50 0.00 0.0128478
4 51.00 0.00 48.00 0.00 39.00 0.00 42.00 0.00 0.0969987
4 51.00 0.00 49.50 0.00 39.00 0.00 40.50 0.00 0.0115212
4 60.00 0.00 57.00 0.00 30.00 0.00 33.00 0.00 0.00765321
4 60.00 0.00 52.50 0.00 30.00 0.00 37.50 0.00 0.0713962
4 69.00 0.00 63.00 0.00 21.00 0.00 27.00 0.00 0.0101758
4 60.00 0.00 54.00 0.00 30.00 0.00 36.00 0.00 0.0419269
4 49.50 0.00 46.50 0.00 40.50 0.00 43.50 0.00 0.576935
4 49.50 0.00 48.00 0.00 40.50 0.00 42.00 0.00 0.0434334
4 67.50 0.00 58.50 0.00 22.50 0.00 31.50 0.00 0.0318495
4 48.00 0.00 46.50 0.00 42.00 0.00 43.50 0.00 0.316877
4 85.50 0.00 76.50 0.00 4.50 0.00 13.50 0.00 0.00357827
4 67.50 0.00 63.00 0.00 22.50 0.00 27.00 0.00 0.00559719
4 58.50 0.00 55.50 0.00 31.50 0.00 34.50 0.00 0.0108352
4 75.00 0.00 67.50 0.00 15.00 0.00 22.50 0.00 0.00981981
4 58.50 0.00 54.00 0.00 31.50 0.00 36.00 0.00 0.0272023
4 75.00 0.00 69.00 0.00 15.00 0.00 21.00 0.00 0.00533176
4 81.00 0.00 72.00 0.00 9.00 0.00 18.00 0.00 0.00648216
4 57.00 0.00 54.00 0.00 33.00 0.00 36.00 0.00 0.0138018
4 58.50 0.00 49.50 0.00 31.50 0.00 40.50 0.00 0.151591
4 57.00 0.00 51.00 0.00 33.00 0.00 39.00 0.00 0.0617608
4 63.00 0.00 57.00 0.00 27.00 0.00 33.00 0.00 0.02299
4 63.00 0.00 58.50 0.00 27.00 0.00 31.50 0.00 0.0109036
4 55.50 0.00 52.50 0.00 34.50 0.00 37.50 0.00 0.0152573
4 63.00 0.00 54.00 0.00 27.00 0.00 36.00 0.00 0.0727221
4 90.00 0.00 81.00 0.00 0.00 0.00 9.00 0.00 0.0023345
4 67.50 0.00 60.00 0.00 22.50 0.00 30.00 0.00 0.0190123
4 54.00 0.00 48.00 0.00 36.00 0.00 42.00 0.00 0.181555
4 54.00 0.00 49.50 0.00 36.00 0.00 40.50 0.00 0.0554108
4 54.00 0.00 51.00 0.00 36.00 0.00 39.00 0.00 0.0176427
4 52.50 0.00 49.50 0.00 37.50 0.00 40.50 0.00 0.0307097
4 48.00 0.00 46.50 0.00 43.50 0.00 45.00 0.00 1.02131
4 52.50 0.00 48.00 0.00 39.00 0.00 43.50 0.00 0.305978
4 66.00 0.00 61.50 0.00 25.50 0.00 30.00 0.00 0.00788783
4 61.50 0.00 57.00 0.00 30.00 0.00 34.50 0.00 0.018028
4 52.50 0.00 51.00 0.00 39.00 0.00 40.50 0.00 0.00808375
4 72.00 0.00 64.50 0.00 19.50 0.00 27.00 0.00 0.0140659
4 51.00 0.00 49.50 0.00 40.50 0.00 42.00 0.00 0.0225676
4 49.50 0.00 48.00 0.00 42.00 0.00 43.50 0.00 0.11352
4 79.50 0.00 72.00 0.00 12.00 0.00 19.50 0.00 0.00519523
4 64.50 0.00 57.00 0.00 27.00 0.00 34.50 0.00 0.0386174
4 57.00 0.00 52.50 0.00 34.50 0.00 39.00 0.00 0.0362692
4 57.00 0.00 49.50 0.00 34.50 0.00 42.00 0.00 0.162177
4 58.50 0.00 52.50 0.00 34.50 0.00 40.50 0.00 0.0678284
4 64.50 0.00 58.50 0.00 28.50 0.00 34.50 0.00 0.0252942
4 58.50 0.00 55.50 0.00 34.50 0.00 37.50 0.00 0.0151286
4 57.00 0.00 54.00 0.00 36.00 0.00 39.00 0.00 0.0174447
4 64.50 0.00 55.50 0.00 28.50 0.00 37.50 0.00 0.0792709
4 51.00 0.00 48.00 0.00 42.00 0.00 45.00 0.00 0.487168
4 55.50 0.00 51.00 0.00 37.50 0.00 42.00 0.00 0.0606298
4 55.50 0.00 52.50 0.00 37.50 0.00 40.50 0.00 0.0194223
4 82.50 0.00 73.50 0.00 10.50 0.00 19.50 0.00 0.00571659
4 49.50 0.00 48.00 0.00 43.50 0.00 45.00 0.00 0.234137
4 69.00 0.00 60.00 0.00 24.00 0.00 33.00 0.00 0.0371312
4 69.00 0.00 61.50 0.00 24.00 0.00 31.50 0.00 0.0226055
4 55.50 0.00 49.50 0.00 37.50 0.00 43.50 0.00 0.204846
4 73.50 0.00 67.50 0.00 19.50 0.00 25.50 0.00 0.00818542
4 67.50 0.00 61.50 0.00 25.50 0.00 31.50 0.00 0.0149309
4 54.00 0.00 51.00 0.00 39.00 0.00 42.00 0.00 0.0338582
4 54.00 0.00 52.50 0.00 39.00 0.00 40.50 0.00 0.00608255
4 73.50 0.00 64.50 0.00 19.50 0.00 28.50 0.00 0.0201875
4 52.50 0.00 51.00 0.00 40.50 0.00 42.00 0.00 0.0113916
4 61.50 0.00 58.50 0.00 31.50 0.00 34.50 0.00 0.00788274
4 61.50 0.00 54.00 0.00 31.50 0.00 39.00 0.00 0.0756829
4 61.50 0.00 55.50 0.00 31.50 0.00 37.50 0.00 0.0444045
4 52.50 0.00 49.50 0.00 40.50 0.00 43.50 0.00 0.110863
4 60.00 0.00 55.50 0.00 33.00 0.00 37.50 0.00 0.0283668
4 51.00 0.00 49.50 0.00 42.00 0.00 43.50 0.00 0.0510106
4 60.00 0.00 57.00 0.00 33.00 0.00 36.00 0.00 0.0104497
4 70.50 0.00 64.50 0.00 22.50 0.00 28.50 0.00 0.0103476
4 84.00 0.00 76.50 0.00 9.00 0.00 16.50 0.00 0.00350907
4 60.00 0.00 51.00 0.00 33.00 0.00 42.00 0.00 0.16342
4 64.50 0.00 60.00 0.00 28.50 0.00 33.00 0.00 0.0126712
4 69.00 0.00 64.50 0.00 24.00 0.00 28.50 0.00 0.00642366
4 78.00 0.00 69.00 0.00 15.00 0.00 24.00 0.00 0.0113214
4 76.50 0.00 69.00 0.00 16.50 0.00 24.00 0.00 0.00858302
4 87.00 0.00 78.00 0.00 6.00 0.00 15.00 0.00 0.00361585
4 76.50 0.00 70.50 0.00 16.50 0.00 22.50 0.00 0.00489518
4 91.50 0.00 82.50 0.00 1.50 0.00 10.50 0.00 0.00224779
4 66.00 0.00 58.50 0.00 28.50 0.00 36.00 0.00 0.0428933
4 54.00 0.00 49.50 0.00 40.50 0.00 45.00 0.00 0.28096
4 58.50 0.00 54.00 0.00 36.00 0.00 40.50 0.00 0.0399211
4 58.50 0.00 51.00 0.00 36.00 0.00 43.50 0.00 0.185787
4 81.00 0.00 73.50 0.00 13.50 0.00 21.00 0.00 0.00458469
4 51.00 0.00 49.50 0.00 43.50 0.00 45.00 0.00 0.0888455
4 54.00 0.00 52.50 0.00 40.50 0.00 42.00 0.00 0.00923605
4 73.50 0.00 66.00 0.00 21.00 0.00 28.50 0.00 0.0139607
4 67.50 0.00 63.00 0.00 27.00 0.00 31.50 0.00 0.00843765
4 49.50 0.00 48.00 0.00 45.00 0.00 46.50 0.00 1.07383
4 63.00 0.00 58.50 0.00 31.50 0.00 36.00 0.00 0.0188644
4 52.50 0.00 51.00 0.00 42.00 0.00 43.50 0.00 0.0248468
4 63.00 0.00 55.50 0.00 33.00 0.00 40.50 0.00 0.0791144
4 84.00 0.00 75.00 0.00 12.00 0.00 21.00 0.00 0.00545364
4 61.50 0.00 57.00 0.00 34.50 0.00 39.00 0.00 0.0264404
4 61.50 0.00 58.50 0.00 34.50 0.00 37.50 0.00 0.0104772
4 60.00 0.00 57.00 0.00 36.00 0.00 39.00 0.00 0.0126712
4 61.50 0.00 52.50 0.00 34.50 0.00 43.50 0.00 0.18894
4 75.00 0.00 66.00 0.00 21.00 0.00 30.00 0.00 0.0199754
4 79.50 0.00 70.50 0.00 16.50 0.00 25.50 0.00 0.0103329
4 57.00 0.00 51.00 0.00 39.00 0.00 45.00 0.00 0.211649
4 60.00 0.00 54.00 0.00 36.00 0.00 42.00 0.00 0.0747764
4 66.00 0.00 60.00 0.00 30.00 0.00 36.00 0.00 0.029927
4 66.00 0.00 61.50 0.00 30.00 0.00 34.50 0.00 0.0149725
4 78.00 0.00 70.50 0.00 18.00 0.00 25.50 0.00 0.00813439
4 85.50 0.00 78.00 0.00 10.50 0.00 18.00 0.00 0.00317534
4 78.00 0.00 72.00 0.00 18.00 0.00 24.00 0.00 0.00440944
4 54.00 0.00 51.00 0.00 42.00 0.00 45.00 0.00 0.0975441
4 63.00 0.00 60.00 0.00 33.00 0.00 36.00 0.00 0.00924091
4 52.50 0.00 51.00 0.00 43.50 0.00 45.00 0.00 0.037954
4 72.00 0.00 66.00 0.00 24.00 0.00 30.00 0.00 0.0107161
4 75.00 0.00 69.00 0.00 21.00 0.00 27.00 0.00 0.00747885
4 58.50 0.00 55.50 0.00 37.50 0.00 40.50 0.00 0.0179696
4 88.50 0.00 79.50 0.00 7.50 0.00 16.50 0.00 0.00379559
4 52.50 0.00 49.50 0.00 43.50 0.00 46.50 0.00 0.503523
4 57.00 0.00 54.00 0.00 39.00 0.00 42.00 0.00 0.0266535
4 66.00 0.00 57.00 0.00 30.00 0.00 39.00 0.00 0.080911
4 70.50 0.00 63.00 0.00 25.50 0.00 33.00 0.00 0.0247822
4 57.00 0.00 52.50 0.00 39.00 0.00 43.50 0.00 0.0802832
4 70.50 0.00 66.00 0.00 25.50 0.00 30.00 0.00 0.0064355
4 55.50 0.00 52.50 0.00 40.50 0.00 43.50 0.00 0.0443719
4 55.50 0.00 54.00 0.00 40.50 0.00 42.00 0.00 0.00782844
4 70.50 0.00 61.50 0.00 25.50 0.00 34.50 0.00 0.0413556
4 69.00 0.00 63.00 0.00 27.00 0.00 33.00 0.00 0.0175446
4 51.00 0.00 49.50 0.00 45.00 0.00 46.50 0.00 0.280956
4 93.00 0.00 84.00 0.00 3.00 0.00 12.00 0.00 0.00210032
4 63.00 0.00 57.00 0.00 33.00 0.00 39.00 0.00 0.0432248
4 54.00 0.00 52.50 0.00 42.00 0.00 43.50 0.00 0.0142251
4 52.50 0.00 51.00 0.00 45.00 0.00 46.50 0.00 0.0960469
4 60.00 0.00 52.50 0.00 37.50 0.00 45.00 0.00 0.196683
4 69.00 0.00 64.50 0.00 28.50 0.00 33.00 0.00 0.0105751
4 51.00 0.00 49.50 0.00 46.50 0.00 48.00 0.00 1.3507
4 75.00 0.00 67.50 0.00 22.50 0.00 30.00 0.00 0.0145412
4 67.50 0.00 60.00 0.00 30.00 0.00 37.50 0.00 0.0466036
4 60.00 0.00 55.50 0.00 37.50 0.00 42.00 0.00 0.04176
4 55.50 0.00 51.00 0.00 42.00 0.00 46.50 0.00 0.291499
4 64.50 0.00 60.00 0.00 33.00 0.00 37.50 0.00 0.0212671
4 54.00 0.00 52.50 0.00 43.50 0.00 45.00 0.00 0.0197944
4 82.50 0.00 75.00 0.00 15.00 0.00 22.50 0.00 0.00432523
4 55.50 0.00 54.00 0.00 42.00 0.00 43.50 0.00 0.0127898
4 87.00 0.00 79.50 0.00 12.00 0.00 19.50 0.00 0.00306317
4 72.00 0.00 67.50 0.00 27.00 0.00 31.50 0.00 0.00806966
4 58.50 0.00 55.50 0.00 40.50 0.00 43.50 0.00 0.0337425
4 57.00 0.00 55.50 0.00 42.00 0.00 43.50 0.00 0.0118264
4 72.00 0.00 63.00 0.00 27.00 0.00 36.00 0.00 0.0459664
4 67.50 0.00 58.50 0.00 31.50 0.00 40.50 0.00 0.0796084
4 72.00 0.00 64.50 0.00 27.00 0.00 34.50 0.00 0.0278805
4 54.00 0.00 51.00 0.00 45.00 0.00 48.00 0.00 0.552484
4 54.00 0.00 52.50 0.00 45.00 0.00 46.50 0.00 0.0412215
4 70.50 0.00 64.50 0.00 28.50 0.00 34.50 0.00 0.0203577
4 52.50 0.00 51.00 0.00 46.50 0.00 48.00 0.00 0.308163
4 64.50 0.00 57.00 0.00 34.50 0.00 42.00 0.00 0.0796928
4 64.50 0.00 58.50 0.00 34.50 0.00 40.50 0.00 0.0428049
4 63.00 0.00 58.50 0.00 36.00 0.00 40.50 0.00 0.0259939
4 76.50 0.00 67.50 0.00 22.50 0.00 31.50 0.00 0.0220346
4 58.50 0.00 52.50 0.00 40.50 0.00 46.50 0.00 0.240158
4 61.50 0.00 55.50 0.00 37.50 0.00 43.50 0.00 0.0842305
4 58.50 0.00 54.00 0.00 40.50 0.00 45.00 0.00 0.0933369
4 61.50 0.00 58.50 0.00 37.50 0.00 40.50 0.00 0.0119906
4 81.00 0.00 72.00 0.00 18.00 0.00 27.00 0.00 0.0091251
4 67.50 0.00 63.00 0.00 31.50 0.00 36.00 0.00 0.0148722
4 60.00 0.00 57.00 0.00 39.00 0.00 42.00 0.00 0.0179554
4 79.50 0.00 72.00 0.00 19.50 0.00 27.00 0.00 0.00742759
4 79.50 0.00 73.50 0.00 19.50 0.00 25.50 0.00 0.00415772
4 67.50 0.00 61.50 0.00 31.50 0.00 37.50 0.00 0.0302622
4 57.00 0.00 54.00 0.00 42.00 0.00 45.00 0.00 0.0537811
4 55.50 0.00 52.50 0.00 43.50 0.00 46.50 0.00 0.104934
4 55.50 0.00 54.00 0.00 43.50 0.00 45.00 0.00 0.0159511
4 85.50 0.00 76.50 0.00 13.50 0.00 22.50 0.00 0.00524089
4 76.50 0.00 70.50 0.00 22.50 0.00 28.50 0.00 0.00685653
4 64.50 0.00 61.50 0.00 34.50 0.00 37.50 0.00 0.00976864
4 73.50 0.00 67.50 0.00 25.50 0.00 31.50 0.00 0.012655
4 63.00 0.00 60.00 0.00 36.00 0.00 39.00 0.00 0.0108119
4 94.50 0.00 85.50 0.00 4.50 0.00 13.50 0.00 0.00193907
4 90.00 0.00 81.00 0.00 9.00 0.00 18.00 0.00 0.00366365
4 63.00 0.00 54.00 0.00 36.00 0.00 45.00 0.00 0.206538
4 66.00 0.00 61.50 0.00 34.50 0.00 39.00 0.00 0.0214506
4 84.00 0.00 76.50 0.00 16.50 0.00 24.00 0.00 0.0035975
4 55.50 0.00 54.00 0.00 45.00 0.00 46.50 0.00 0.0276951
4 61.50 0.00 54.00 0.00 39.00 0.00 46.50 0.00 0.228808
4 54.00 0.00 52.50 0.00 46.50 0.00 48.00 0.00 0.107954
4 52.50 0.00 51.00 0.00 48.00 0.00 49.50 0.00 1.43812
4 76.50 0.00 69.00 0.00 24.00 0.00 31.50 0.00 0.0145602
4 70.50 0.00 66.00 0.00 30.00 0.00 34.50 0.00 0.0120155
4 69.00 0.00 61.50 0.00 31.50 0.00 39.00 0.00 0.0495166
4 61.50 0.00 57.00 0.00 39.00 0.00 43.50 0.00 0.0460749
4 57.00 0.00 52.50 0.00 43.50 0.00 48.00 0.00 0.343594
4 57.00 0.00 55.50 0.00 43.50 0.00 45.00 0.00 0.0133638
4 69.00 0.00 63.00 0.00 33.00 0.00 39.00 0.00 0.0323507
4 75.00 0.00 69.00 0.00 27.00 0.00 33.00 0.00 0.01247
4 69.00 0.00 64.50 0.00 33.00 0.00 37.50 0.00 0.0176911
4 58.50 0.00 55.50 0.00 43.50 0.00 46.50 0.00 0.0575451
4 61.50 0.00 58.50 0.00 40.50 0.00 43.50 0.00 0.0205439
4 58.50 0.00 57.00 0.00 43.50 0.00 45.00 0.00 0.00908815
4 81.00 0.00 73.50 0.00 21.00 0.00 28.50 0.00 0.00677754
4 69.00 0.00 60.00 0.00 33.00 0.00 42.00 0.00 0.0899295
4 87.00 0.00 78.00 0.00 15.00 0.00 24.00 0.00 0.00512631
4 66.00 0.00 63.00 0.00 36.00 0.00 39.00 0.00 0.00937334
4 66.00 0.00 60.00 0.00 36.00 0.00 42.00 0.00 0.0473441
4 73.50 0.00 69.00 0.00 28.50 0.00 33.00 0.00 0.00832727
4 64.50 0.00 60.00 0.00 37.50 0.00 42.00 0.00 0.0282899
4 64.50 0.00 61.50 0.00 37.50 0.00 40.50 0.00 0.0105663
4 57.00 0.00 54.00 0.00 45.00 0.00 48.00 0.00 0.14524
4 73.50 0.00 64.50 0.00 28.50 0.00 37.50 0.00 0.0505137
4 64.50 0.00 55.50 0.00 37.50 0.00 46.50 0.00 0.221682
4 57.00 0.00 55.50 0.00 45.00 0.00 46.50 0.00 0.0218509
4 73.50 0.00 66.00 0.00 28.50 0.00 36.00 0.00 0.0306239
4 55.50 0.00 54.00 0.00 46.50 0.00 48.00 0.00 0.0552571
4 63.00 0.00 57.00 0.00 39.00 0.00 45.00 0.00 0.0851135
4 63.00 0.00 60.00 0.00 39.00 0.00 42.00 0.00 0.0147723
4 55.50 0.00 52.50 0.00 46.50 0.00 49.50 0.00 0.550003
4 54.00 0.00 52.50 0.00 48.00 0.00 49.50 0.00 0.278825
4 66.00 0.00 58.50 0.00 36.00 0.00 43.50 0.00 0.0867413
4 88.50 0.00 81.00 0.00 13.50 0.00 21.00 0.00 0.00303786
4 81.00 0.00 75.00 0.00 21.00 0.00 27.00 0.00 0.00379121
4 60.00 0.00 54.00 0.00 42.00 0.00 48.00 0.00 0.290098
4 60.00 0.00 55.50 0.00 42.00 0.00 46.50 0.00 0.100192
4 60.00 0.00 57.00 0.00 42.00 0.00 45.00 0.00 0.0304511
4 91.50 0.00 82.50 0.00 10.50 0.00 19.50 0.00 0.00334741
4 78.00 0.00 69.00 0.00 24.00 0.00 33.00 0.00 0.0214903
4 72.00 0.00 66.00 0.00 30.00 0.00 36.00 0.00 0.0226162
4 78.00 0.00 72.00 0.00 24.00 0.00 30.00 0.00 0.00634009
4 82.50 0.00 73.50 0.00 19.50 0.00 28.50 0.00 0.00883002
4 72.00 0.00 67.50 0.00 31.50 0.00 36.00 0.00 0.014467
4 78.00 0.00 70.50 0.00 25.50 0.00 33.00 0.00 0.0143408
4 70.50 0.00 63.00 0.00 33.00 0.00 40.50 0.00 0.0517005
4 67.50 0.00 63.00 0.00 36.00 0.00 40.50 0.00 0.0196548
4 58.50 0.00 57.00 0.00 45.00 0.00 46.50 0.00 0.0134763
4 85.50 0.00 78.00 0.00 18.00 0.00 25.50 0.00 0.00387488
4 58.50 0.00 54.00 0.00 45.00 0.00 49.50 0.00 0.388491
4 57.00 0.00 55.50 0.00 46.50 0.00 48.00 0.00 0.0406833
4 63.00 0.00 58.50 0.00 40.50 0.00 45.00 0.00 0.0471811
4 55.50 0.00 54.00 0.00 48.00 0.00 49.50 0.00 0.104247
4 63.00 0.00 55.50 0.00 40.50 0.00 48.00 0.00 0.264694
4 54.00 0.00 52.50 0.00 49.50 0.00 51.00 0.00 1.80369
4 61.50 0.00 57.00 0.00 43.50 0.00 48.00 0.00 0.102303
4 61.50 0.00 58.50 0.00 43.50 0.00 46.50 0.00 0.0301508
4 61.50 0.00 55.50 0.00 43.50 0.00 49.50 0.00 0.329545
4 73.50 0.00 67.50 0.00 31.50 0.00 37.50 0.00 0.025608
4 90.00 0.00 82.50 0.00 15.00 0.00 22.50 0.00 0.00299926
4 79.50 0.00 73.50 0.00 25.50 0.00 31.50 0.00 0.00619828
4 67.50 0.00 60.00 0.00 37.50 0.00 45.00 0.00 0.0865251
4 79.50 0.00 70.50 0.00 25.50 0.00 34.50 0.00 0.0211891
4 70.50 0.00 66.00 0.00 34.50 0.00 39.00 0.00 0.0171198
4 93.00 0.00 84.00 0.00 12.00 0.00 21.00 0.00 0.00310222
4 70.50 0.00 61.50 0.00 34.50 0.00 43.50 0.00 0.0976796
4 60.00 0.00 57.00 0.00 45.00 0.00 48.00 0.00 0.0609609
4 84.00 0.00 75.00 0.00 21.00 0.00 30.00 0.00 0.00844912
4 60.00 0.00 58.50 0.00 45.00 0.00 46.50 0.00 0.00979353
4 70.50 0.00 64.50 0.00 34.50 0.00 40.50 0.00 0.0337517
4 76.50 0.00 70.50 0.00 28.50 0.00 34.50 0.00 0.012842
4 88.50 0.00 79.50 0.00 16.50 0.00 25.50 0.00 0.0049807
4 63.00 0.00 60.00 0.00 42.00 0.00 45.00 0.00 0.0219494
4 67.50 0.00 64.50 0.00 37.50 0.00 40.50 0.00 0.0082799
4 82.50 0.00 75.00 0.00 22.50 0.00 30.00 0.00 0.00623407
4 67.50 0.00 61.50 0.00 37.50 0.00 43.50 0.00 0.0487351
4 66.00 0.00 63.00 0.00 39.00 0.00 42.00 0.00 0.0124379
4 58.50 0.00 55.50 0.00 46.50 0.00 49.50 0.00 0.169689
4 75.00 0.00 70.50 0.00 30.00 0.00 34.50 0.00 0.00870356
4 66.00 0.00 57.00 0.00 39.00 0.00 48.00 0.00 0.241532
4 58.50 0.00 57.00 0.00 46.50 0.00 48.00 0.00 0.0216098
4 75.00 0.00 66.00 0.00 30.00 0.00 39.00 0.00 0.0500919
4 75.00 0.00 67.50 0.00 30.00 0.00 37.50 0.00 0.0346831
4 64.50 0.00 58.50 0.00 40.50 0.00 46.50 0.00 0.0898418
4 66.00 0.00 61.50 0.00 39.00 0.00 43.50 0.00 0.0337246
4 64.50 0.00 61.50 0.00 40.50 0.00 43.50 0.00 0.0170564
4 57.00 0.00 54.00 0.00 48.00 0.00 51.00 0.00 0.643092
4 57.00 0.00 55.50 0.00 48.00 0.00 49.50 0.00 0.0741989
4 55.50 0.00 54.00 0.00 49.50 0.00 51.00 0.00 0.333342
4 82.50 0.00 76.50 0.00 22.50 0.00 28.50 0.00 0.00337134
4 58.50 0.00 57.00 0.00 48.00 0.00 49.50 0.00 0.0313226
4 57.00 0.00 55.50 0.00 49.50 0.00 51.00 0.00 0.133014
4 64.50 0.00 57.00 0.00 42.00 0.00 49.50 0.00 0.269736
4 55.50 0.00 54.00 0.00 51.00 0.00 52.50 0.00 1.88885
4 73.50 0.00 69.00 0.00 33.00 0.00 37.50 0.00 0.0138445
4 79.50 0.00 72.00 0.00 27.00 0.00 34.50 0.00 0.0142504
4 72.00 0.00 64.50 0.00 34.50 0.00 42.00 0.00 0.0543055
4 60.00 0.00 58.50 0.00 46.50 0.00 48.00 0.00 0.0161998
4 64.50 0.00 60.00 0.00 42.00 0.00 46.50 0.00 0.051444
4 60.00 0.00 55.50 0.00 46.50 0.00 51.00 0.00 0.426536
4 69.00 0.00 64.50 0.00 37.50 0.00 42.00 0.00 0.0225517
4 87.00 0.00 79.50 0.00 19.50 0.00 27.00 0.00 0.00404145
4 78.00 0.00 72.00 0.00 30.00 0.00 36.00 0.00 0.0130278
4 69.00 0.00 66.00 0.00 39.00 0.00 42.00 0.00 0.0102478
4 94.50 0.00 85.50 0.00 13.50 0.00 22.50 0.00 0.00293464
4 67.50 0.00 58.50 0.00 40.50 0.00 49.50 0.00 0.259595
4 76.50 0.00 69.00 0.00 31.50 0.00 39.00 0.00 0.0307015
4 81.00 0.00 75.00 0.00 27.00 0.00 33.00 0.00 0.00611193
4 67.50 0.00 64.50 0.00 40.50 0.00 43.50 0.00 0.0128358
4 76.50 0.00 72.00 0.00 31.50 0.00 36.00 0.00 0.00853091
4 58.50 0.00 55.50 0.00 49.50 0.00 52.50 0.00 0.700179
4 58.50 0.00 57.00 0.00 49.50 0.00 51.00 0.00 0.0564114
4 76.50 0.00 67.50 0.00 31.50 0.00 40.50 0.00 0.0523607
4 63.00 0.00 60.00 0.00 45.00 0.00 48.00 0.00 0.0379164
4 75.00 0.00 69.00 0.00 33.00 0.00 39.00 0.00 0.0225381
4 57.00 0.00 55.50 0.00 51.00 0.00 52.50 0.00 0.418458
4 72.00 0.00 63.00 0.00 36.00 0.00 45.00 0.00 0.0974699
4 61.50 0.00 60.00 0.00 46.50 0.00 48.00 0.00 0.0115963
4 69.00 0.00 63.00 0.00 39.00 0.00 45.00 0.00 0.0532218
4 81.00 0.00 72.00 0.00 27.00 0.00 36.00 0.00 0.0209921
4 91.50 0.00 84.00 0.00 16.50 0.00 24.00 0.00 0.00254778
4 69.00 0.00 61.50 0.00 39.00 0.00 46.50 0.00 0.097037
4 63.00 0.00 57.00 0.00 45.00 0.00 51.00 0.00 0.311681
4 67.50 0.00 63.00 0.00 40.50 0.00 45.00 0.00 0.0313555
4 63.00 0.00 58.50 0.00 45.00 0.00 49.50 0.00 0.118493
4 90.00 0.00 81.00 0.00 18.00 0.00 27.00 0.00 0.00504473
4 66.00 0.00 63.00 0.00 42.00 0.00 45.00 0.00 0.0172243
4 61.50 0.00 58.50 0.00 46.50 0.00 49.50 0.00 0.0679185
4 85.50 0.00 76.50 0.00 22.50 0.00 31.50 0.00 0.00839072
4 72.00 0.00 66.00 0.00 36.00 0.00 42.00 0.00 0.0338016
4 72.00 0.00 67.50 0.00 36.00 0.00 40.50 0.00 0.0186134
4 66.00 0.00 60.00 0.00 42.00 0.00 48.00 0.00 0.105069
4 64.50 0.00 61.50 0.00 43.50 0.00 46.50 0.00 0.0220624
4 60.00 0.00 57.00 0.00 48.00 0.00 51.00 0.00 0.140404
4 60.00 0.00 58.50 0.00 48.00 0.00 49.50 0.00 0.0246509
4 84.00 0.00 76.50 0.00 24.00 0.00 31.50 0.00 0.00638368
4 84.00 0.00 78.00 0.00 24.00 0.00 30.00 0.00 0.00340743
4 66.00 0.00 61.50 0.00 43.50 0.00 48.00 0.00 0.0594756
4 61.50 0.00 57.00 0.00 48.00 0.00 52.50 0.00 0.366422
4 60.00 0.00 58.50 0.00 49.50 0.00 51.00 0.00 0.0287767
4 70.50 0.00 66.00 0.00 39.00 0.00 43.50 0.00 0.0252588
4 88.50 0.00 81.00 0.00 21.00 0.00 28.50 0.00 0.00403843
4 66.00 0.00 58.50 0.00 43.50 0.00 51.00 0.00 0.290869
4 75.00 0.00 70.50 0.00 34.50 0.00 39.00 0.00 0.0122901
4 58.50 0.00 57.00 0.00 51.00 0.00 52.50 0.00 0.0997302
4 57.00 0.00 55.50 0.00 52.50 0.00 54.00 0.00 3.80154
4 61.50 0.00 60.00 0.00 48.00 0.00 49.50 0.00 0.0154556
4 81.00 0.00 73.50 0.00 28.50 0.00 36.00 0.00 0.0140715
4 73.50 0.00 66.00 0.00 36.00 0.00 43.50 0.00 0.0556173
4 82.50 0.00 73.50 0.00 28.50 0.00 37.50 0.00 0.020617
4 69.00 0.00 64.50 0.00 42.00 0.00 46.50 0.00 0.0355235
4 69.00 0.00 66.00 0.00 42.00 0.00 45.00 0.00 0.0133479
4 91.50 0.00 82.50 0.00 19.50 0.00 28.50 0.00 0.00470569
4 69.00 0.00 60.00 0.00 42.00 0.00 51.00 0.00 0.290796
4 73.50 0.00 67.50 0.00 37.50 0.00 43.50 0.00 0.0383699
4 64.50 0.00 58.50 0.00 46.50 0.00 52.50 0.00 0.327799
4 73.50 0.00 69.00 0.00 37.50 0.00 42.00 0.00 0.0169641
4 67.50 0.00 61.50 0.00 43.50 0.00 49.50 0.00 0.111696
4 67.50 0.00 64.50 0.00 43.50 0.00 46.50 0.00 0.0152175
4 87.00 0.00 78.00 0.00 24.00 0.00 33.00 0.00 0.00889822
4 61.50 0.00 58.50 0.00 49.50 0.00 52.50 0.00 0.138511
4 85.50 0.00 78.00 0.00 25.50 0.00 33.00 0.00 0.00671171
4 85.50 0.00 79.50 0.00 25.50 0.00 31.50 0.00 0.00375386
4 70.50 0.00 67.50 0.00 40.50 0.00 43.50 0.00 0.0136328
4 60.00 0.00 57.00 0.00 51.00 0.00 54.00 0.00 0.610381
4 60.00 0.00 58.50 0.00 51.00 0.00 52.50 0.00 0.0517239
4 79.50 0.00 73.50 0.00 31.50 0.00 37.50 0.00 0.0120459
4 78.00 0.00 73.50 0.00 33.00 0.00 37.50 0.00 0.00792783
4 66.00 0.00 63.00 0.00 45.00 0.00 48.00 0.00 0.0279359
4 78.00 0.00 69.00 0.00 33.00 0.00 42.00 0.00 0.0481609
4 78.00 0.00 70.50 0.00 33.00 0.00 40.50 0.00 0.0286192
4 82.50 0.00 76.50 0.00 28.50 0.00 34.50 0.00 0.00624937
4 64.50 0.00 61.50 0.00 46.50 0.00 49.50 0.00 0.0453815
4 76.50 0.00 70.50 0.00 34.50 0.00 40.50 0.00 0.0208163
4 64.50 0.00 60.00 0.00 46.50 0.00 51.00 0.00 0.128629
4 58.50 0.00 57.00 0.00 52.50 0.00 54.00 0.00 0.348022
4 73.50 0.00 64.50 0.00 37.50 0.00 46.50 0.00 0.100666
4 63.00 0.00 60.00 0.00 48.00 0.00 51.00 0.00 0.0722608
4 63.00 0.00 61.50 0.00 48.00 0.00 49.50 0.00 0.0149047
4 93.00 0.00 85.50 0.00 18.00 0.00 25.50 0.00 0.00236438
4 61.50 0.00 60.00 0.00 49.50 0.00 51.00 0.00 0.0248278
4 70.50 0.00 63.00 0.00 40.50 0.00 48.00 0.00 0.110093
4 70.50 0.00 64.50 0.00 40.50 0.00 46.50 0.00 0.0569353
4 58.50 0.00 57.00 0.00 54.00 0.00 55.50 0.00 4.233
4 82.50 0.00 75.00 0.00 30.00 0.00 37.50 0.00 0.0140144
4 61.50 0.00 60.00 0.00 51.00 0.00 52.50 0.00 0.0332954
4 63.00 0.00 58.50 0.00 49.50 0.00 54.00 0.00 0.400227
4 60.00 0.00 58.50 0.00 52.50 0.00 54.00 0.00 0.116148
4 75.00 0.00 67.50 0.00 37.50 0.00 45.00 0.00 0.0568075
4 67.50 0.00 60.00 0.00 45.00 0.00 52.50 0.00 0.310862
4 67.50 0.00 63.00 0.00 45.00 0.00 49.50 0.00 0.0628436
4 90.00 0.00 82.50 0.00 22.50 0.00 30.00 0.00 0.00394631
4 63.00 0.00 61.50 0.00 49.50 0.00 51.00 0.00 0.0171481
4 76.50 0.00 72.00 0.00 36.00 0.00 40.50 0.00 0.0108429
4 72.00 0.00 67.50 0.00 40.50 0.00 45.00 0.00 0.0277977
4 66.00 0.00 60.00 0.00 48.00 0.00 54.00 0.00 0.372968
4 66.00 0.00 61.50 0.00 48.00 0.00 52.50 0.00 0.142337
4 66.00 0.00 63.00 0.00 48.00 0.00 51.00 0.00 0.0478691
4 78.00 0.00 72.00 0.00 36.00 0.00 42.00 0.00 0.0188498
4 64.50 0.00 63.00 0.00 49.50 0.00 51.00 0.00 0.0142067
4 84.00 0.00 78.00 0.00 30.00 0.00 36.00 0.00 0.00685037
4 64.50 0.00 61.50 0.00 49.50 0.00 52.50 0.00 0.0768612
4 84.00 0.00 75.00 0.00 30.00 0.00 39.00 0.00 0.0197682
4 63.00 0.00 60.00 0.00 51.00 0.00 54.00 0.00 0.1635
4 94.50 0.00 87.00 0.00 19.50 0.00 27.00 0.00 0.00216482
4 63.00 0.00 61.50 0.00 51.00 0.00 52.50 0.00 0.0263296
4 72.00 0.00 66.00 0.00 42.00 0.00 48.00 0.00 0.0563097
4 75.00 0.00 70.50 0.00 39.00 0.00 43.50 0.00 0.0175931
4 72.00 0.00 69.00 0.00 42.00 0.00 45.00 0.00 0.0111774
4 70.50 0.00 67.50 0.00 43.50 0.00 46.50 0.00 0.0153565
4 72.00 0.00 64.50 0.00 42.00 0.00 49.50 0.00 0.120558
4 61.50 0.00 60.00 0.00 52.50 0.00 54.00 0.00 0.0618832
4 81.00 0.00 75.00 0.00 33.00 0.00 39.00 0.00 0.0106438
4 70.50 0.00 66.00 0.00 43.50 0.00 48.00 0.00 0.0395529
4 79.50 0.00 75.00 0.00 34.50 0.00 39.00 0.00 0.00677453
4 70.50 0.00 61.50 0.00 43.50 0.00 52.50 0.00 0.318834
4 88.50 0.00 79.50 0.00 25.50 0.00 34.50 0.00 0.00945268
4 87.00 0.00 81.00 0.00 27.00 0.00 33.00 0.00 0.00412427
4 87.00 0.00 79.50 0.00 27.00 0.00 34.50 0.00 0.00730039
4 69.00 0.00 66.00 0.00 45.00 0.00 48.00 0.00 0.0212558
4 69.00 0.00 63.00 0.00 45.00 0.00 51.00 0.00 0.128144
4 75.00 0.00 69.00 0.00 39.00 0.00 45.00 0.00 0.0343887
4 61.50 0.00 58.50 0.00 52.50 0.00 55.50 0.00 0.69156
4 67.50 0.00 64.50 0.00 46.50 0.00 49.50 0.00 0.0291572
4 60.00 0.00 58.50 0.00 54.00 0.00 55.50 0.00 0.362829
4 75.00 0.00 66.00 0.00 39.00 0.00 48.00 0.00 0.107549
4 79.50 0.00 70.50 0.00 34.50 0.00 43.50 0.00 0.0459087
4 93.00 0.00 84.00 0.00 21.00 0.00 30.00 0.00 0.00443036
4 79.50 0.00 72.00 0.00 34.50 0.00 42.00 0.00 0.0263667
4 69.00 0.00 64.50 0.00 46.50 0.00 51.00 0.00 0.0751815
4 69.00 0.00 61.50 0.00 46.50 0.00 54.00 0.00 0.363278
4 60.00 0.00 58.50 0.00 55.50 0.00 57.00 0.00 2.19243
4 91.50 0.00 84.00 0.00 24.00 0.00 31.50 0.00 0.00389823
4 78.00 0.00 73.50 0.00 37.50 0.00 42.00 0.00 0.0094707
4 64.50 0.00 60.00 0.00 51.00 0.00 55.50 0.00 0.506669
4 64.50 0.00 63.00 0.00 51.00 0.00 52.50 0.00 0.0190928
4 84.00 0.00 76.50 0.00 31.50 0.00 39.00 0.00 0.0131211
4 73.50 0.00 69.00 0.00 42.00 0.00 46.50 0.00 0.0252531
4 63.00 0.00 61.50 0.00 52.50 0.00 54.00 0.00 0.0424254
4 61.50 0.00 60.00 0.00 54.00 0.00 55.50 0.00 0.14917
4 76.50 0.00 69.00 0.00 39.00 0.00 46.50 0.00 0.0527559
4 72.00 0.00 69.00 0.00 45.00 0.00 48.00 0.00 0.010433
4 88.50 0.00 81.00 0.00 28.50 0.00 36.00 0.00 0.0082288
4 88.50 0.00 82.50 0.00 28.50 0.00 34.50 0.00 0.00458777
4 72.00 0.00 63.00 0.00 45.00 0.00 54.00 0.00 0.352371
4 70.50 0.00 64.50 0.00 46.50 0.00 52.50 0.00 0.144312
4 76.50 0.00 72.00 0.00 40.50 0.00 45.00 0.00 0.0153838
4 70.50 0.00 67.50 0.00 46.50 0.00 49.50 0.00 0.0280879
4 69.00 0.00 66.00 0.00 48.00 0.00 51.00 0.00 0.0311263
4 76.50 0.00 67.50 0.00 40.50 0.00 49.50 0.00 0.118716
4 76.50 0.00 70.50 0.00 40.50 0.00 46.50 0.00 0.0324714
4 94.50 0.00 85.50 0.00 22.50 0.00 31.50 0.00 0.00429703
4 81.00 0.00 73.50 0.00 36.00 0.00 43.50 0.00 0.0240442
4 67.50 0.00 64.50 0.00 49.50 0.00 52.50 0.00 0.0456095
4 79.50 0.00 73.50 0.00 37.50 0.00 43.50 0.00 0.0171847
4 67.50 0.00 61.50 0.00 49.50 0.00 55.50 0.00 0.444428
4 67.50 0.00 63.00 0.00 49.50 0.00 54.00 0.00 0.145429
4 85.50 0.00 79.50 0.00 31.50 0.00 37.50 0.00 0.00730783
4 66.00 0.00 63.00 0.00 51.00 0.00 54.00 0.00 0.0898562
4 66.00 0.00 64.50 0.00 51.00 0.00 52.50 0.00 0.017301
4 85.50 0.00 76.50 0.00 31.50 0.00 40.50 0.00 0.0192145
4 64.50 0.00 63.00 0.00 52.50 0.00 54.00 0.00 0.0299874
4 73.50 0.00 70.50 0.00 43.50 0.00 46.50 0.00 0.010266
4 64.50 0.00 61.50 0.00 52.50 0.00 55.50 0.00 0.218014
4 73.50 0.00 66.00 0.00 43.50 0.00 51.00 0.00 0.12472
4 90.00 0.00 81.00 0.00 27.00 0.00 36.00 0.00 0.0103512
4 73.50 0.00 67.50 0.00 43.50 0.00 49.50 0.00 0.071229
4 63.00 0.00 61.50 0.00 54.00 0.00 55.50 0.00 0.0883556
4 82.50 0.00 76.50 0.00 34.50 0.00 40.50 0.00 0.00978493
4 63.00 0.00 60.00 0.00 54.00 0.00 57.00 0.00 0.825804
4 81.00 0.00 76.50 0.00 36.00 0.00 40.50 0.00 0.00598506
4 81.00 0.00 72.00 0.00 36.00 0.00 45.00 0.00 0.0402059
4 61.50 0.00 60.00 0.00 55.50 0.00 57.00 0.00 0.406371
4 72.00 0.00 67.50 0.00 45.00 0.00 49.50 0.00 0.0495743
4 63.00 0.00 61.50 0.00 55.50 0.00 57.00 0.00 0.183149
4 61.50 0.00 60.00 0.00 57.00 0.00 58.50 0.00 2.21774
4 79.50 0.00 75.00 0.00 39.00 0.00 43.50 0.00 0.00937292
4 78.00 0.00 70.50 0.00 40.50 0.00 48.00 0.00 0.0524985
4 70.50 0.00 63.00 0.00 48.00 0.00 55.50 0.00 0.436766
4 70.50 0.00 66.00 0.00 48.00 0.00 52.50 0.00 0.0775109
4 75.00 0.00 70.50 0.00 43.50 0.00 48.00 0.00 0.0252931
4 93.00 0.00 85.50 0.00 25.50 0.00 33.00 0.00 0.0038002
4 66.00 0.00 64.50 0.00 52.50 0.00 54.00 0.00 0.0236202
4 85.50 0.00 78.00 0.00 33.00 0.00 40.50 0.00 0.0131717
4 66.00 0.00 61.50 0.00 52.50 0.00 57.00 0.00 0.648321
4 64.50 0.00 63.00 0.00 54.00 0.00 55.50 0.00 0.057038
4 66.00 0.00 64.50 0.00 54.00 0.00 55.50 0.00 0.0455999
4 75.00 0.00 72.00 0.00 45.00 0.00 48.00 0.00 0.0183695
4 91.50 0.00 82.50 0.00 28.50 0.00 37.50 0.00 0.0104193
4 75.00 0.00 67.50 0.00 45.00 0.00 52.50 0.00 0.14723
4 84.00 0.00 78.00 0.00 36.00 0.00 42.00 0.00 0.0096407
4 75.00 0.00 69.00 0.00 45.00 0.00 51.00 0.00 0.0717906
4 64.50 0.00 61.50 0.00 55.50 0.00 58.50 0.00 0.95397
4 64.50 0.00 63.00 0.00 55.50 0.00 57.00 0.00 0.107145
4 82.50 0.00 73.50 0.00 37.50 0.00 46.50 0.00 0.0361666
4 63.00 0.00 61.50 0.00 57.00 0.00 58.50 0.00 0.455847
4 82.50 0.00 78.00 0.00 37.50 0.00 42.00 0.00 0.00563954
4 73.50 0.00 70.50 0.00 46.50 0.00 49.50 0.00 0.0177624
4 90.00 0.00 82.50 0.00 30.00 0.00 37.50 0.00 0.00872619
4 73.50 0.00 69.00 0.00 46.50 0.00 51.00 0.00 0.0493368
4 90.00 0.00 84.00 0.00 30.00 0.00 36.00 0.00 0.00492057
4 72.00 0.00 69.00 0.00 48.00 0.00 51.00 0.00 0.0319679
4 73.50 0.00 64.50 0.00 46.50 0.00 55.50 0.00 0.426501
4 72.00 0.00 66.00 0.00 48.00 0.00 54.00 0.00 0.155307
4 78.00 0.00 72.00 0.00 42.00 0.00 48.00 0.00 0.0380211
4 78.00 0.00 73.50 0.00 42.00 0.00 46.50 0.00 0.0135159
4 70.50 0.00 67.50 0.00 49.50 0.00 52.50 0.00 0.0415794
4 78.00 0.00 69.00 0.00 42.00 0.00 51.00 0.00 0.113822
4 82.50 0.00 75.00 0.00 37.50 0.00 45.00 0.00 0.0211199
4 69.00 0.00 63.00 0.00 51.00 0.00 57.00 0.00 0.559936
4 69.00 0.00 64.50 0.00 51.00 0.00 55.50 0.00 0.192419
4 69.00 0.00 66.00 0.00 51.00 0.00 54.00 0.00 0.0529741
4 67.50 0.00 64.50 0.00 52.50 0.00 55.50 0.00 0.103961
4 67.50 0.00 66.00 0.00 52.50 0.00 54.00 0.00 0.0130274
4 87.00 0.00 78.00 0.00 33.00 0.00 42.00 0.00 0.0192376
4 87.00 0.00 81.00 0.00 33.00 0.00 39.00 0.00 0.00731527
4 81.00 0.00 75.00 0.00 39.00 0.00 45.00 0.00 0.0153117
4 66.00 0.00 63.00 0.00 54.00 0.00 57.00 0.00 0.281494
4 94.50 0.00 87.00 0.00 27.00 0.00 34.50 0.00 0.00368825
4 63.00 0.00 61.50 0.00 58.50 0.00 60.00 0.00 1.83524
4 67.50 0.00 63.00 0.00 54.00 0.00 58.50 0.00 0.726497
4 81.00 0.00 76.50 0.00 40.50 0.00 45.00 0.00 0.00800344
4 76.50 0.00 72.00 0.00 45.00 0.00 49.50 0.00 0.0264517
4 67.50 0.00 66.00 0.00 54.00 0.00 55.50 0.00 0.0218589
4 87.00 0.00 79.50 0.00 34.50 0.00 42.00 0.00 0.0133004
4 66.00 0.00 64.50 0.00 55.50 0.00 57.00 0.00 0.0720569
4 64.50 0.00 63.00 0.00 57.00 0.00 58.50 0.00 0.208913
4 79.50 0.00 72.00 0.00 42.00 0.00 49.50 0.00 0.0513174
4 72.00 0.00 67.50 0.00 49.50 0.00 54.00 0.00 0.0946224
4 72.00 0.00 64.50 0.00 49.50 0.00 57.00 0.00 0.528192
4 66.00 0.00 63.00 0.00 57.00 0.00 60.00 0.00 0.875768
4 70.50 0.00 66.00 0.00 52.50 0.00 57.00 0.00 0.233994
4 70.50 0.00 67.50 0.00 52.50 0.00 55.50 0.00 0.0839512
4 64.50 0.00 63.00 0.00 58.50 0.00 60.00 0.00 0.369234
4 69.00 0.00 67.50 0.00 54.00 0.00 55.50 0.00 0.0312655
4 84.00 0.00 75.00 0.00 39.00 0.00 48.00 0.00 0.0365633
4 84.00 0.00 76.50 0.00 39.00 0.00 46.50 0.00 0.0203501
4 70.50 0.00 64.50 0.00 52.50 0.00 58.50 0.00 0.661703
4 88.50 0.00 82.50 0.00 34.50 0.00 40.50 0.00 0.00727197
4 82.50 0.00 76.50 0.00 40.50 0.00 46.50 0.00 0.0141976
4 69.00 0.00 66.00 0.00 54.00 0.00 57.00 0.00 0.135838
4 88.50 0.00 79.50 0.00 34.50 0.00 43.50 0.00 0.0196593
4 67.50 0.00 66.00 0.00 55.50 0.00 57.00 0.00 0.0363622
4 76.50 0.00 73.50 0.00 46.50 0.00 49.50 0.00 0.0119137
4 76.50 0.00 69.00 0.00 46.50 0.00 54.00 0.00 0.145463
4 76.50 0.00 70.50 0.00 46.50 0.00 52.50 0.00 0.0730445
4 67.50 0.00 64.50 0.00 55.50 0.00 58.50 0.00 0.286478
4 75.00 0.00 70.50 0.00 48.00 0.00 52.50 0.00 0.0498955
4 66.00 0.00 64.50 0.00 57.00 0.00 58.50 0.00 0.124821
4 75.00 0.00 72.00 0.00 48.00 0.00 51.00 0.00 0.0114514
4 85.50 0.00 79.50 0.00 37.50 0.00 43.50 0.00 0.0100943
4 75.00 0.00 66.00 0.00 48.00 0.00 57.00 0.00 0.489253
4 79.50 0.00 75.00 0.00 43.50 0.00 48.00 0.00 0.0129282
4 84.00 0.00 79.50 0.00 39.00 0.00 43.50 0.00 0.0063113
4 93.00 0.00 84.00 0.00 30.00 0.00 39.00 0.00 0.00973267
4 91.50 0.00 84.00 0.00 31.50 0.00 39.00 0.00 0.00768296
4 91.50 0.00 85.50 0.00 31.50 0.00 37.50 0.00 0.00441335
4 73.50 0.00 70.50 0.00 49.50 0.00 52.50 0.00 0.02643
4 73.50 0.00 67.50 0.00 49.50 0.00 55.50 0.00 0.202092
4 79.50 0.00 73.50 0.00 43.50 0.00 49.50 0.00 0.0304845
4 72.00 0.00 69.00 0.00 51.00 0.00 54.00 0.00 0.03928
4 79.50 0.00 70.50 0.00 43.50 0.00 52.50 0.00 0.11247
4 81.00 0.00 73.50 0.00 43.50 0.00 51.00 0.00 0.0478432
4 69.00 0.00 64.50 0.00 55.50 0.00 60.00 0.00 0.711819
4 73.50 0.00 69.00 0.00 51.00 0.00 55.50 0.00 0.109483
4 73.50 0.00 66.00 0.00 51.00 0.00 58.50 0.00 0.596551
4 66.00 0.00 64.50 0.00 58.50 0.00 60.00 0.00 0.173346
4 78.00 0.00 73.50 0.00 46.50 0.00 51.00 0.00 0.0257959
4 69.00 0.00 67.50 0.00 55.50 0.00 57.00 0.00 0.0463706
4 88.50 0.00 81.00 0.00 36.00 0.00 43.50 0.00 0.0136059
4 82.50 0.00 78.00 0.00 42.00 0.00 46.50 0.00 0.00757976
4 64.50 0.00 63.00 0.00 60.00 0.00 61.50 0.00 4.30699
4 67.50 0.00 66.00 0.00 57.00 0.00 58.50 0.00 0.0537961
4 90.00 0.00 81.00 0.00 36.00 0.00 45.00 0.00 0.0183437
4 94.50 0.00 85.50 0.00 31.50 0.00 40.50 0.00 0.00870598
4 72.00 0.00 66.00 0.00 54.00 0.00 60.00 0.00 0.652551
4 75.00 0.00 69.00 0.00 51.00 0.00 57.00 0.00 0.225877
4 81.00 0.00 75.00 0.00 45.00 0.00 51.00 0.00 0.0294246
4 81.00 0.00 76.50 0.00 45.00 0.00 49.50 0.00 0.0134629
4 93.00 0.00 85.50 0.00 33.00 0.00 40.50 0.00 0.00680366
4 93.00 0.00 87.00 0.00 33.00 0.00 39.00 0.00 0.00372866
4 69.00 0.00 66.00 0.00 57.00 0.00 60.00 0.00 0.258981
4 78.00 0.00 75.00 0.00 48.00 0.00 51.00 0.00 0.0106257
4 67.50 0.00 66.00 0.00 58.50 0.00 60.00 0.00 0.0665593
4 87.00 0.00 81.00 0.00 39.00 0.00 45.00 0.00 0.010101
4 90.00 0.00 84.00 0.00 36.00 0.00 42.00 0.00 0.00671192
4 73.50 0.00 70.50 0.00 52.50 0.00 55.50 0.00 0.049995
4 67.50 0.00 64.50 0.00 58.50 0.00 61.50 0.00 1.00643
4 72.00 0.00 69.00 0.00 54.00 0.00 57.00 0.00 0.0976483
4 81.00 0.00 72.00 0.00 45.00 0.00 54.00 0.00 0.114962
4 85.50 0.00 78.00 0.00 40.50 0.00 48.00 0.00 0.0216813
4 72.00 0.00 67.50 0.00 54.00 0.00 58.50 0.00 0.314246
4 85.50 0.00 81.00 0.00 40.50 0.00 45.00 0.00 0.00626191
4 70.50 0.00 67.50 0.00 55.50 0.00 58.50 0.00 0.18695
4 70.50 0.00 69.00 0.00 55.50 0.00 57.00 0.00 0.0323706
4 85.50 0.00 76.50 0.00 40.50 0.00 49.50 0.00 0.0374081
4 84.00 0.00 78.00 0.00 42.00 0.00 48.00 0.00 0.0150241
4 66.00 0.00 64.50 0.00 60.00 0.00 61.50 0.00 0.602791
4 78.00 0.00 72.00 0.00 48.00 0.00 54.00 0.00 0.0679395
4 69.00 0.00 67.50 0.00 57.00 0.00 58.50 0.00 0.0638179
4 78.00 0.00 70.50 0.00 48.00 0.00 55.50 0.00 0.160602
4 76.50 0.00 72.00 0.00 49.50 0.00 54.00 0.00 0.0509159
4 76.50 0.00 73.50 0.00 49.50 0.00 52.50 0.00 0.0172039
4 75.00 0.00 72.00 0.00 51.00 0.00 54.00 0.00 0.0291644
4 76.50 0.00 67.50 0.00 49.50 0.00 58.50 0.00 0.601303
4 66.00 0.00 64.50 0.00 61.50 0.00 63.00 0.00 3.62091
4 90.00 0.00 82.50 0.00 37.50 0.00 45.00 0.00 0.0124699
4 82.50 0.00 75.00 0.00 45.00 0.00 52.50 0.00 0.0481678
4 75.00 0.00 70.50 0.00 52.50 0.00 57.00 0.00 0.12765
4 70.50 0.00 66.00 0.00 57.00 0.00 61.50 0.00 0.767733
4 79.50 0.00 75.00 0.00 48.00 0.00 52.50 0.00 0.0242753
4 69.00 0.00 67.50 0.00 58.50 0.00 60.00 0.00 0.0751124
4 70.50 0.00 69.00 0.00 57.00 0.00 58.50 0.00 0.0443316
4 67.50 0.00 66.00 0.00 60.00 0.00 61.50 0.00 0.163867
4 75.00 0.00 67.50 0.00 52.50 0.00 60.00 0.00 0.680071
4 84.00 0.00 79.50 0.00 43.50 0.00 48.00 0.00 0.00796644
4 85.50 0.00 79.50 0.00 43.50 0.00 49.50 0.00 0.0157366
4 67.50 0.00 66.00 0.00 61.50 0.00 63.00 0.00 0.411687
4 79.50 0.00 72.00 0.00 49.50 0.00 57.00 0.00 0.175252
4 79.50 0.00 73.50 0.00 49.50 0.00 55.50 0.00 0.0792918
4 78.00 0.00 73.50 0.00 51.00 0.00 55.50 0.00 0.0564724
4 91.50 0.00 82.50 0.00 37.50 0.00 46.50 0.00 0.0167278
4 73.50 0.00 67.50 0.00 55.50 0.00 61.50 0.00 0.838916
4 76.50 0.00 70.50 0.00 52.50 0.00 58.50 0.00 0.245111
4 73.50 0.00 69.00 0.00 55.50 0.00 60.00 0.00 0.291086
4 76.50 0.00 73.50 0.00 52.50 0.00 55.50 0.00 0.0313864
4 82.50 0.00 78.00 0.00 46.50 0.00 51.00 0.00 0.013732
4 75.00 0.00 72.00 0.00 54.00 0.00 57.00 0.00 0.0595369
4 94.50 0.00 87.00 0.00 34.50 0.00 42.00 0.00 0.00597177
4 94.50 0.00 88.50 0.00 34.50 0.00 40.50 0.00 0.00310505
4 82.50 0.00 76.50 0.00 46.50 0.00 52.50 0.00 0.030747
4 72.00 0.00 69.00 0.00 57.00 0.00 60.00 0.00 0.160281
4 70.50 0.00 67.50 0.00 58.50 0.00 61.50 0.00 0.375713
4 70.50 0.00 69.00 0.00 58.50 0.00 60.00 0.00 0.0484434
4 91.50 0.00 85.50 0.00 37.50 0.00 43.50 0.00 0.00574791
4 79.50 0.00 76.50 0.00 49.50 0.00 52.50 0.00 0.0104567
4 88.50 0.00 82.50 0.00 40.50 0.00 46.50 0.00 0.00996139
4 78.00 0.00 75.00 0.00 51.00 0.00 54.00 0.00 0.0163452
4 78.00 0.00 69.00 0.00 51.00 0.00 60.00 0.00 0.579576
4 87.00 0.00 82.50 0.00 42.00 0.00 46.50 0.00 0.00612507
4 73.50 0.00 70.50 0.00 55.50 0.00 58.50 0.00 0.103805
4 72.00 0.00 70.50 0.00 57.00 0.00 58.50 0.00 0.0309207
4 87.00 0.00 78.00 0.00 42.00 0.00 51.00 0.00 0.0378229
4 82.50 0.00 73.50 0.00 46.50 0.00 55.50 0.00 0.124094
4 87.00 0.00 79.50 0.00 42.00 0.00 49.50 0.00 0.0220593
4 69.00 0.00 66.00 0.00 60.00 0.00 63.00 0.00 1.05247
4 69.00 0.00 67.50 0.00 60.00 0.00 61.50 0.00 0.155051
4 70.50 0.00 69.00 0.00 60.00 0.00 61.50 0.00 0.0972747
4 69.00 0.00 67.50 0.00 61.50 0.00 63.00 0.00 0.322178
4 76.50 0.00 69.00 0.00 54.00 0.00 61.50 0.00 0.726394
4 67.50 0.00 66.00 0.00 63.00 0.00 64.50 0.00 1.43496
4 85.50 0.00 81.00 0.00 45.00 0.00 49.50 0.00 0.00959175
4 91.50 0.00 84.00 0.00 39.00 0.00 46.50 0.00 0.0111657
4 84.00 0.00 76.50 0.00 46.50 0.00 54.00 0.00 0.050253
4 76.50 0.00 72.00 0.00 54.00 0.00 58.50 0.00 0.140622
4 72.00 0.00 67.50 0.00 58.50 0.00 63.00 0.00 1.08169
4 72.00 0.00 70.50 0.00 58.50 0.00 60.00 0.00 0.0364673
4 81.00 0.00 76.50 0.00 49.50 0.00 54.00 0.00 0.0240268
4 81.00 0.00 78.00 0.00 51.00 0.00 54.00 0.00 0.0103046
4 81.00 0.00 75.00 0.00 51.00 0.00 57.00 0.00 0.0833006
4 88.50 0.00 84.00 0.00 43.50 0.00 48.00 0.00 0.00621211
4 79.50 0.00 75.00 0.00 52.50 0.00 57.00 0.00 0.0594434
4 72.00 0.00 69.00 0.00 60.00 0.00 63.00 0.00 0.444315
4 79.50 0.00 76.50 0.00 52.50 0.00 55.50 0.00 0.0202357
4 88.50 0.00 79.50 0.00 43.50 0.00 52.50 0.00 0.0394948
4 72.00 0.00 70.50 0.00 60.00 0.00 61.50 0.00 0.0622964
4 79.50 0.00 70.50 0.00 52.50 0.00 61.50 0.00 0.613793
4 88.50 0.00 81.00 0.00 43.50 0.00 51.00 0.00 0.0235358
4 70.50 0.00 69.00 0.00 61.50 0.00 63.00 0.00 0.176904
4 78.00 0.00 72.00 0.00 54.00 0.00 60.00 0.00 0.236492
4 70.50 0.00 67.50 0.00 61.50 0.00 64.50 0.00 1.49517
4 78.00 0.00 75.00 0.00 54.00 0.00 57.00 0.00 0.0354629
4 69.00 0.00 67.50 0.00 63.00 0.00 64.50 0.00 0.688816
4 81.00 0.00 73.50 0.00 51.00 0.00 58.50 0.00 0.180635
4 75.00 0.00 69.00 0.00 57.00 0.00 63.00 0.00 0.902577
4 75.00 0.00 70.50 0.00 57.00 0.00 61.50 0.00 0.30196
4 75.00 0.00 72.00 0.00 57.00 0.00 60.00 0.00 0.0900699
4 93.00 0.00 84.00 0.00 39.00 0.00 48.00 0.00 0.016163
4 87.00 0.00 81.00 0.00 45.00 0.00 51.00 0.00 0.0173939
4 93.00 0.00 87.00 0.00 39.00 0.00 45.00 0.00 0.00476414
4 84.00 0.00 78.00 0.00 48.00 0.00 54.00 0.00 0.0308555
4 90.00 0.00 84.00 0.00 42.00 0.00 48.00 0.00 0.00968129
4 84.00 0.00 79.50 0.00 48.00 0.00 52.50 0.00 0.0144928
4 73.50 0.00 70.50 0.00 58.50 0.00 61.50 0.00 0.172379
4 76.50 0.00 73.50 0.00 55.50 0.00 58.50 0.00 0.0597868
4 73.50 0.00 72.00 0.00 58.50 0.00 60.00 0.00 0.025508
4 84.00 0.00 75.00 0.00 48.00 0.00 57.00 0.00 0.13136
4 82.50 0.00 78.00 0.00 51.00 0.00 55.50 0.00 0.0281509
4 73.50 0.00 72.00 0.00 60.00 0.00 61.50 0.00 0.0480669
4 73.50 0.00 69.00 0.00 60.00 0.00 64.50 0.00 1.15896
4 72.00 0.00 70.50 0.00 61.50 0.00 63.00 0.00 0.107979
4 78.00 0.00 73.50 0.00 55.50 0.00 60.00 0.00 0.122394
4 70.50 0.00 69.00 0.00 63.00 0.00 64.50 0.00 0.307828
4 78.00 0.00 70.50 0.00 55.50 0.00 63.00 0.00 0.776946
4 69.00 0.00 67.50 0.00 64.50 0.00 66.00 0.00 2.70398
4 87.00 0.00 82.50 0.00 46.50 0.00 51.00 0.00 0.0103811
4 93.00 0.00 85.50 0.00 40.50 0.00 48.00 0.00 0.0101935
4 85.50 0.00 78.00 0.00 48.00 0.00 55.50 0.00 0.0579372
4 94.50 0.00 88.50 0.00 40.50 0.00 46.50 0.00 0.00392159
4 82.50 0.00 75.00 0.00 52.50 0.00 60.00 0.00 0.173445
4 94.50 0.00 85.50 0.00 40.50 0.00 49.50 0.00 0.0147645
4 85.50 0.00 81.00 0.00 49.50 0.00 54.00 0.00 0.0162467
4 85.50 0.00 76.50 0.00 49.50 0.00 58.50 0.00 0.141792
4 75.00 0.00 72.00 0.00 60.00 0.00 63.00 0.00 0.208212
4 75.00 0.00 73.50 0.00 60.00 0.00 61.50 0.00 0.0339429
4 85.50 0.00 79.50 0.00 49.50 0.00 55.50 0.00 0.0375699
4 91.50 0.00 85.50 0.00 43.50 0.00 49.50 0.00 0.00839948
4 78.00 0.00 75.00 0.00 57.00 0.00 60.00 0.00 0.0514142
4 82.50 0.00 79.50 0.00 52.50 0.00 55.50 0.00 0.0128224
4 82.50 0.00 76.50 0.00 52.50 0.00 58.50 0.00 0.0879091
4 73.50 0.00 70.50 0.00 61.50 0.00 64.50 0.00 0.46704
4 81.00 0.00 78.00 0.00 54.00 0.00 57.00 0.00 0.0211631
4 90.00 0.00 85.50 0.00 45.00 0.00 49.50 0.00 0.00577033
4 73.50 0.00 72.00 0.00 61.50 0.00 63.00 0.00 0.0752538
4 81.00 0.00 72.00 0.00 54.00 0.00 63.00 0.00 0.658729
4 90.00 0.00 81.00 0.00 45.00 0.00 54.00 0.00 0.0415834
4 90.00 0.00 82.50 0.00 45.00 0.00 52.50 0.00 0.0245808
4 79.50 0.00 73.50 0.00 55.50 0.00 61.50 0.00 0.235996
4 81.00 0.00 76.50 0.00 54.00 0.00 58.50 0.00 0.0616548
4 72.00 0.00 69.00 0.00 63.00 0.00 66.00 0.00 1.6449
4 79.50 0.00 76.50 0.00 55.50 0.00 58.50 0.00 0.0328758
4 72.00 0.00 70.50 0.00 63.00 0.00 64.50 0.00 0.171204
4 70.50 0.00 69.00 0.00 64.50 0.00 66.00 0.00 0.793527
4 76.50 0.00 72.00 0.00 58.50 0.00 63.00 0.00 0.333019
4 76.50 0.00 73.50 0.00 58.50 0.00 61.50 0.00 0.094126
4 76.50 0.00 70.50 0.00 58.50 0.00 64.50 0.00 0.947342
4 88.50 0.00 82.50 0.00 46.50 0.00 52.50 0.00 0.0192
4 70.50 0.00 69.00 0.00 66.00 0.00 67.50 0.00 1.9765
4 88.50 0.00 84.00 0.00 48.00 0.00 52.50 0.00 0.0107935
4 94.50 0.00 87.00 0.00 42.00 0.00 49.50 0.00 0.00977496
4 87.00 0.00 79.50 0.00 49.50 0.00 57.00 0.00 0.0664357
4 75.00 0.00 73.50 0.00 61.50 0.00 63.00 0.00 0.05091
4 79.50 0.00 75.00 0.00 57.00 0.00 61.50 0.00 0.124807
4 75.00 0.00 70.50 0.00 61.50 0.00 66.00 0.00 1.30531
4 84.00 0.00 79.50 0.00 52.50 0.00 57.00 0.00 0.0331679
4 73.50 0.00 72.00 0.00 63.00 0.00 64.50 0.00 0.113044
4 72.00 0.00 70.50 0.00 64.50 0.00 66.00 0.00 0.371645
4 79.50 0.00 72.00 0.00 57.00 0.00 64.50 0.00 0.802591
4 91.50 0.00 84.00 0.00 46.50 0.00 54.00 0.00 0.0240435
4 82.50 0.00 79.50 0.00 55.50 0.00 58.50 0.00 0.0219054
4 91.50 0.00 87.00 0.00 46.50 0.00 51.00 0.00 0.00562775
4 73.50 0.00 70.50 0.00 64.50 0.00 67.50 0.00 1.46331
4 73.50 0.00 72.00 0.00 64.50 0.00 66.00 0.00 0.216161
4 91.50 0.00 82.50 0.00 46.50 0.00 55.50 0.00 0.0461658
4 78.00 0.00 75.00 0.00 60.00 0.00 63.00 0.00 0.110284
4 90.00 0.00 84.00 0.00 48.00 0.00 54.00 0.00 0.0185012
4 76.50 0.00 75.00 0.00 61.50 0.00 63.00 0.00 0.039248
4 72.00 0.00 70.50 0.00 66.00 0.00 67.50 0.00 0.595769
4 87.00 0.00 78.00 0.00 51.00 0.00 60.00 0.00 0.143278
4 84.00 0.00 78.00 0.00 54.00 0.00 60.00 0.00 0.0882144
4 84.00 0.00 76.50 0.00 54.00 0.00 61.50 0.00 0.180965
4 78.00 0.00 72.00 0.00 60.00 0.00 66.00 0.00 1.0814
4 82.50 0.00 78.00 0.00 55.50 0.00 60.00 0.00 0.0559232
4 78.00 0.00 73.50 0.00 60.00 0.00 64.50 0.00 0.354465
4 81.00 0.00 78.00 0.00 57.00 0.00 60.00 0.00 0.0285177
4 76.50 0.00 73.50 0.00 61.50 0.00 64.50 0.00 0.214289
4 87.00 0.00 81.00 0.00 51.00 0.00 57.00 0.00 0.0449233
4 87.00 0.00 82.50 0.00 51.00 0.00 55.50 0.00 0.0193772
4 81.00 0.00 75.00 0.00 57.00 0.00 63.00 0.00 0.244343
4 79.50 0.00 76.50 0.00 58.50 0.00 61.50 0.00 0.049187
4 75.00 0.00 72.00 0.00 63.00 0.00 66.00 0.00 0.529114
4 75.00 0.00 73.50 0.00 63.00 0.00 64.50 0.00 0.072028
4 93.00 0.00 87.00 0.00 45.00 0.00 51.00 0.00 0.00794791
4 84.00 0.00 81.00 0.00 54.00 0.00 57.00 0.00 0.0168233
4 82.50 0.00 73.50 0.00 55.50 0.00 64.50 0.00 0.663167
4 81.00 0.00 73.50 0.00 58.50 0.00 66.00 0.00 0.847364
4 90.00 0.00 85.50 0.00 49.50 0.00 54.00 0.00 0.00996784
4 73.50 0.00 72.00 0.00 66.00 0.00 67.50 0.00 0.280204
4 72.00 0.00 70.50 0.00 67.50 0.00 69.00 0.00 3.59121
4 76.50 0.00 75.00 0.00 63.00 0.00 64.50 0.00 0.0521411
4 88.50 0.00 81.00 0.00 51.00 0.00 58.50 0.00 0.0748516
4 81.00 0.00 76.50 0.00 58.50 0.00 63.00 0.00 0.123324
4 76.50 0.00 72.00 0.00 63.00 0.00 67.50 0.00 1.18932
4 75.00 0.00 73.50 0.00 64.50 0.00 66.00 0.00 0.128638
4 85.50 0.00 81.00 0.00 54.00 0.00 58.50 0.00 0.039816
4 82.50 0.00 79.50 0.00 58.50 0.00 61.50 0.00 0.0298865
4 76.50 0.00 73.50 0.00 64.50 0.00 67.50 0.00 0.456189
4 85.50 0.00 82.50 0.00 55.50 0.00 58.50 0.00 0.0184297
4 75.00 0.00 72.00 0.00 66.00 0.00 69.00 0.00 1.82014
4 75.00 0.00 73.50 0.00 66.00 0.00 67.50 0.00 0.146284
4 94.50 0.00 88.50 0.00 46.50 0.00 52.50 0.00 0.00695215
4 93.00 0.00 88.50 0.00 48.00 0.00 52.50 0.00 0.00427533
4 81.00 0.00 78.00 0.00 60.00 0.00 63.00 0.00 0.054141
4 93.00 0.00 84.00 0.00 48.00 0.00 57.00 0.00 0.0479091
4 93.00 0.00 85.50 0.00 48.00 0.00 55.50 0.00 0.0238216
4 79.50 0.00 76.50 0.00 61.50 0.00 64.50 0.00 0.103709
4 91.50 0.00 85.50 0.00 49.50 0.00 55.50 0.00 0.0188609
4 79.50 0.00 75.00 0.00 61.50 0.00 66.00 0.00 0.379566
4 73.50 0.00 72.00 0.00 67.50 0.00 69.00 0.00 0.974999
4 88.50 0.00 79.50 0.00 52.50 0.00 61.50 0.00 0.154355
4 78.00 0.00 75.00 0.00 63.00 0.00 66.00 0.00 0.233969
4 78.00 0.00 76.50 0.00 63.00 0.00 64.50 0.00 0.0350659
4 76.50 0.00 75.00 0.00 64.50 0.00 66.00 0.00 0.0888161
4 85.50 0.00 78.00 0.00 55.50 0.00 63.00 0.00 0.191063
4 85.50 0.00 79.50 0.00 55.50 0.00 61.50 0.00 0.0939091
4 79.50 0.00 73.50 0.00 61.50 0.00 67.50 0.00 0.963202
4 84.00 0.00 79.50 0.00 57.00 0.00 61.50 0.00 0.0596221
4 84.00 0.00 81.00 0.00 57.00 0.00 60.00 0.00 0.0217035
4 84.00 0.00 75.00 0.00 57.00 0.00 66.00 0.00 0.712192
4 88.50 0.00 82.50 0.00 52.50 0.00 58.50 0.00 0.0501841
4 88.50 0.00 84.00 0.00 52.50 0.00 57.00 0.00 0.0234042
4 82.50 0.00 76.50 0.00 58.50 0.00 64.50 0.00 0.240111
4 78.00 0.00 73.50 0.00 64.50 0.00 69.00 0.00 1.3681
4 75.00 0.00 73.50 0.00 67.50 0.00 69.00 0.00 0.419206
4 90.00 0.00 82.50 0.00 52.50 0.00 60.00 0.00 0.0758714
4 82.50 0.00 75.00 0.00 60.00 0.00 67.50 0.00 0.79491
4 82.50 0.00 78.00 0.00 60.00 0.00 64.50 0.00 0.13024
4 91.50 0.00 87.00 0.00 51.00 0.00 55.50 0.00 0.0109123
4 78.00 0.00 76.50 0.00 64.50 0.00 66.00 0.00 0.0579398
4 87.00 0.00 82.50 0.00 55.50 0.00 60.00 0.00 0.0398153
4 73.50 0.00 72.00 0.00 69.00 0.00 70.50 0.00 2.76368
4 76.50 0.00 75.00 0.00 66.00 0.00 67.50 0.00 0.0924507
4 79.50 0.00 76.50 0.00 64.50 0.00 67.50 0.00 0.189801
4 78.00 0.00 75.00 0.00 66.00 0.00 69.00 0.00 0.527788
4 78.00 0.00 76.50 0.00 66.00 0.00 67.50 0.00 0.0573566
4 87.00 0.00 81.00 0.00 57.00 0.00 63.00 0.00 0.102508
4 90.00 0.00 85.50 0.00 54.00 0.00 58.50 0.00 0.0234332
4 87.00 0.00 84.00 0.00 57.00 0.00 60.00 0.00 0.0166321
4 85.50 0.00 82.50 0.00 58.50 0.00 61.50 0.00 0.0235793
4 87.00 0.00 79.50 0.00 57.00 0.00 64.50 0.00 0.200982
4 76.50 0.00 75.00 0.00 67.50 0.00 69.00 0.00 0.238222
4 85.50 0.00 81.00 0.00 58.50 0.00 63.00 0.00 0.068127
4 94.50 0.00 90.00 0.00 49.50 0.00 54.00 0.00 0.00395925
4 85.50 0.00 76.50 0.00 58.50 0.00 67.50 0.00 0.657572
4 84.00 0.00 81.00 0.00 60.00 0.00 63.00 0.00 0.0377839
4 84.00 0.00 78.00 0.00 60.00 0.00 66.00 0.00 0.266443
4 90.00 0.00 84.00 0.00 54.00 0.00 60.00 0.00 0.0492582
4 76.50 0.00 73.50 0.00 67.50 0.00 70.50 0.00 1.77866
4 82.50 0.00 79.50 0.00 61.50 0.00 64.50 0.00 0.0573014
4 75.00 0.00 73.50 0.00 69.00 0.00 70.50 0.00 0.775611
4 90.00 0.00 81.00 0.00 54.00 0.00 63.00 0.00 0.168559
4 94.50 0.00 85.50 0.00 49.50 0.00 58.50 0.00 0.0463591
4 94.50 0.00 87.00 0.00 49.50 0.00 57.00 0.00 0.0236886
4 81.00 0.00 75.00 0.00 63.00 0.00 69.00 0.00 1.07217
4 81.00 0.00 76.50 0.00 63.00 0.00 67.50 0.00 0.317996
4 81.00 0.00 78.00 0.00 63.00 0.00 66.00 0.00 0.105469
4 93.00 0.00 87.00 0.00 51.00 0.00 57.00 0.00 0.0187416
4 79.50 0.00 78.00 0.00 64.50 0.00 66.00 0.00 0.0373421
4 75.00 0.00 73.50 0.00 70.50 0.00 72.00 0.00 2.80229
4 93.00 0.00 88.50 0.00 52.50 0.00 57.00 0.00 0.00934813
4 79.50 0.00 75.00 0.00 66.00 0.00 70.50 0.00 1.28124
4 79.50 0.00 78.00 0.00 66.00 0.00 67.50 0.00 0.03667
4 88.50 0.00 84.00 0.00 57.00 0.00 61.50 0.00 0.037926
4 78.00 0.00 76.50 0.00 67.50 0.00 69.00 0.00 0.140523
4 76.50 0.00 75.00 0.00 69.00 0.00 70.50 0.00 0.345128
4 91.50 0.00 84.00 0.00 54.00 0.00 61.50 0.00 0.0732968
4 84.00 0.00 79.50 0.00 61.50 0.00 66.00 0.00 0.148306
4 84.00 0.00 76.50 0.00 61.50 0.00 69.00 0.00 0.873788
4 91.50 0.00 87.00 0.00 55.50 0.00 60.00 0.00 0.0176085
4 85.50 0.00 82.50 0.00 61.50 0.00 64.50 0.00 0.0417058
4 84.00 0.00 81.00 0.00 63.00 0.00 66.00 0.00 0.0690439
4 91.50 0.00 82.50 0.00 55.50 0.00 64.50 0.00 0.166675
4 91.50 0.00 85.50 0.00 55.50 0.00 61.50 0.00 0.0427479
4 82.50 0.00 78.00 0.00 64.50 0.00 69.00 0.00 0.361543
4 82.50 0.00 79.50 0.00 64.50 0.00 67.50 0.00 0.0965803
4 94.50 0.00 88.50 0.00 52.50 0.00 58.50 0.00 0.0172786
4 82.50 0.00 76.50 0.00 64.50 0.00 70.50 0.00 1.02606
4 81.00 0.00 78.00 0.00 66.00 0.00 69.00 0.00 0.205105
4 81.00 0.00 79.50 0.00 66.00 0.00 67.50 0.00 0.0254825
4 79.50 0.00 78.00 0.00 67.50 0.00 69.00 0.00 0.0853774
4 88.50 0.00 85.50 0.00 58.50 0.00 61.50 0.00 0.0156089
4 79.50 0.00 76.50 0.00 67.50 0.00 70.50 0.00 0.512267
4 88.50 0.00 81.00 0.00 58.50 0.00 66.00 0.00 0.226028
4 88.50 0.00 82.50 0.00 58.50 0.00 64.50 0.00 0.10713
4 78.00 0.00 75.00 0.00 69.00 0.00 72.00 0.00 1.43226
4 78.00 0.00 76.50 0.00 69.00 0.00 70.50 0.00 0.181423
4 76.50 0.00 75.00 0.00 70.50 0.00 72.00 0.00 0.632501
4 87.00 0.00 82.50 0.00 60.00 0.00 64.50 0.00 0.0747606
4 87.00 0.00 84.00 0.00 60.00 0.00 63.00 0.00 0.0263527
4 87.00 0.00 78.00 0.00 60.00 0.00 69.00 0.00 0.744123
4 85.50 0.00 79.50 0.00 61.50 0.00 67.50 0.00 0.261595
4 76.50 0.00 75.00 0.00 72.00 0.00 73.50 0.00 2.51916
4 94.50 0.00 90.00 0.00 54.00 0.00 58.50 0.00 0.00901542
4 93.00 0.00 85.50 0.00 55.50 0.00 63.00 0.00 0.0681491
4 85.50 0.00 78.00 0.00 63.00 0.00 70.50 0.00 0.878219
4 85.50 0.00 81.00 0.00 63.00 0.00 67.50 0.00 0.148291
4 90.00 0.00 85.50 0.00 58.50 0.00 63.00 0.00 0.0371762
4 81.00 0.00 79.50 0.00 67.50 0.00 69.00 0.00 0.0575975
4 81.00 0.00 76.50 0.00 67.50 0.00 72.00 0.00 1.14201
4 79.50 0.00 78.00 0.00 69.00 0.00 70.50 0.00 0.105097
4 78.00 0.00 76.50 0.00 70.50 0.00 72.00 0.00 0.275163
4 79.50 0.00 76.50 0.00 70.50 0.00 73.50 0.00 1.22942
4 79.50 0.00 78.00 0.00 70.50 0.00 72.00 0.00 0.142218
4 78.00 0.00 76.50 0.00 72.00 0.00 73.50 0.00 0.572429
4 88.50 0.00 85.50 0.00 61.50 0.00 64.50 0.00 0.0262098
4 88.50 0.00 79.50 0.00 61.50 0.00 70.50 0.00 0.782121
4 88.50 0.00 84.00 0.00 61.50 0.00 66.00 0.00 0.0817919
4 87.00 0.00 84.00 0.00 63.00 0.00 66.00 0.00 0.0456095
4 87.00 0.00 81.00 0.00 63.00 0.00 69.00 0.00 0.314946
4 93.00 0.00 87.00 0.00 57.00 0.00 63.00 0.00 0.0390023
4 93.00 0.00 88.50 0.00 57.00 0.00 61.50 0.00 0.015421
4 85.50 0.00 82.50 0.00 64.50 0.00 67.50 0.00 0.0659928
4 93.00 0.00 84.00 0.00 57.00 0.00 66.00 0.00 0.168071
4 84.00 0.00 78.00 0.00 66.00 0.00 72.00 0.00 0.944028
4 84.00 0.00 79.50 0.00 66.00 0.00 70.50 0.00 0.371719
4 84.00 0.00 81.00 0.00 66.00 0.00 69.00 0.00 0.123476
4 82.50 0.00 79.50 0.00 67.50 0.00 70.50 0.00 0.227717
4 82.50 0.00 81.00 0.00 67.50 0.00 69.00 0.00 0.0474576
4 81.00 0.00 78.00 0.00 69.00 0.00 72.00 0.00 0.402671
4 81.00 0.00 79.50 0.00 69.00 0.00 70.50 0.00 0.0684261
4 90.00 0.00 87.00 0.00 60.00 0.00 63.00 0.00 0.0165793
4 90.00 0.00 82.50 0.00 60.00 0.00 67.50 0.00 0.222186
4 90.00 0.00 84.00 0.00 60.00 0.00 66.00 0.00 0.116607
4 82.50 0.00 81.00 0.00 69.00 0.00 70.50 0.00 0.0542503
4 81.00 0.00 79.50 0.00 70.50 0.00 72.00 0.00 0.0870626
4 79.50 0.00 78.00 0.00 72.00 0.00 73.50 0.00 0.240436
4 94.50 0.00 87.00 0.00 57.00 0.00 64.50 0.00 0.0630568
4 87.00 0.00 82.50 0.00 64.50 0.00 69.00 0.00 0.177319
4 87.00 0.00 79.50 0.00 64.50 0.00 72.00 0.00 0.872039
4 78.00 0.00 76.50 0.00 73.50 0.00 75.00 0.00 2.42844
4 82.50 0.00 78.00 0.00 69.00 0.00 73.50 0.00 0.986577
4 91.50 0.00 87.00 0.00 60.00 0.00 64.50 0.00 0.0344661
4 79.50 0.00 78.00 0.00 73.50 0.00 75.00 0.00 0.523066
4 84.00 0.00 82.50 0.00 69.00 0.00 70.50 0.00 0.042398
4 85.50 0.00 79.50 0.00 67.50 0.00 73.50 0.00 0.953743
4 84.00 0.00 81.00 0.00 69.00 0.00 72.00 0.00 0.212756
4 82.50 0.00 79.50 0.00 70.50 0.00 73.50 0.00 0.376442
4 82.50 0.00 81.00 0.00 70.50 0.00 72.00 0.00 0.0665148
4 91.50 0.00 88.50 0.00 61.50 0.00 64.50 0.00 0.0138734
4 91.50 0.00 84.00 0.00 61.50 0.00 69.00 0.00 0.239767
4 91.50 0.00 85.50 0.00 61.50 0.00 67.50 0.00 0.100635
4 90.00 0.00 85.50 0.00 63.00 0.00 67.50 0.00 0.0727621
4 81.00 0.00 79.50 0.00 72.00 0.00 73.50 0.00 0.130988
4 90.00 0.00 87.00 0.00 63.00 0.00 66.00 0.00 0.0280551
4 90.00 0.00 81.00 0.00 63.00 0.00 72.00 0.00 0.798718
4 94.50 0.00 90.00 0.00 58.50 0.00 63.00 0.00 0.0134107
4 88.50 0.00 85.50 0.00 64.50 0.00 67.50 0.00 0.0396566
4 88.50 0.00 82.50 0.00 64.50 0.00 70.50 0.00 0.332914
4 94.50 0.00 88.50 0.00 58.50 0.00 64.50 0.00 0.0354721
4 87.00 0.00 84.00 0.00 66.00 0.00 69.00 0.00 0.0768552
4 94.50 0.00 85.50 0.00 58.50 0.00 67.50 0.00 0.150008
4 81.00 0.00 78.00 0.00 72.00 0.00 75.00 0.00 1.11877
4 85.50 0.00 81.00 0.00 67.50 0.00 72.00 0.00 0.401286
4 85.50 0.00 82.50 0.00 67.50 0.00 70.50 0.00 0.144317
4 88.50 0.00 81.00 0.00 66.00 0.00 73.50 0.00 0.875156
4 81.00 0.00 79.50 0.00 73.50 0.00 75.00 0.00 0.224559
4 93.00 0.00 88.50 0.00 61.50 0.00 66.00 0.00 0.0330511
4 84.00 0.00 82.50 0.00 70.50 0.00 72.00 0.00 0.0494957
4 79.50 0.00 78.00 0.00 75.00 0.00 76.50 0.00 2.68279
4 82.50 0.00 81.00 0.00 72.00 0.00 73.50 0.00 0.091889
4 84.00 0.00 79.50 0.00 70.50 0.00 75.00 0.00 0.940155
4 88.50 0.00 84.00 0.00 66.00 0.00 70.50 0.00 0.180629
4 84.00 0.00 81.00 0.00 72.00 0.00 75.00 0.00 0.381791
4 93.00 0.00 90.00 0.00 63.00 0.00 66.00 0.00 0.0124951
4 82.50 0.00 81.00 0.00 73.50 0.00 75.00 0.00 0.13547
4 88.50 0.00 85.50 0.00 67.50 0.00 70.50 0.00 0.0829556
4 82.50 0.00 79.50 0.00 73.50 0.00 76.50 0.00 1.18652
4 87.00 0.00 84.00 0.00 69.00 0.00 72.00 0.00 0.125075
4 87.00 0.00 82.50 0.00 69.00 0.00 73.50 0.00 0.36913
4 85.50 0.00 82.50 0.00 70.50 0.00 73.50 0.00 0.205381
4 85.50 0.00 84.00 0.00 70.50 0.00 72.00 0.00 0.0390608
4 81.00 0.00 79.50 0.00 75.00 0.00 76.50 0.00 0.575753
4 93.00 0.00 87.00 0.00 63.00 0.00 69.00 0.00 0.106419
4 84.00 0.00 82.50 0.00 72.00 0.00 73.50 0.00 0.0660228
4 91.50 0.00 88.50 0.00 64.50 0.00 67.50 0.00 0.0208572
4 93.00 0.00 85.50 0.00 63.00 0.00 70.50 0.00 0.230985
4 91.50 0.00 87.00 0.00 64.50 0.00 69.00 0.00 0.0765772
4 90.00 0.00 87.00 0.00 66.00 0.00 69.00 0.00 0.0459127
4 91.50 0.00 82.50 0.00 64.50 0.00 73.50 0.00 0.768096
4 87.00 0.00 81.00 0.00 69.00 0.00 75.00 0.00 0.913992
4 90.00 0.00 84.00 0.00 66.00 0.00 72.00 0.00 0.320011
4 90.00 0.00 85.50 0.00 67.50 0.00 72.00 0.00 0.176561
4 85.50 0.00 81.00 0.00 72.00 0.00 76.50 0.00 0.987243
4 94.50 0.00 90.00 0.00 63.00 0.00 67.50 0.00 0.0267401
4 84.00 0.00 82.50 0.00 73.50 0.00 75.00 0.00 0.0885435
4 85.50 0.00 84.00 0.00 72.00 0.00 73.50 0.00 0.0504645
4 82.50 0.00 81.00 0.00 75.00 0.00 76.50 0.00 0.251434
4 90.00 0.00 82.50 0.00 67.50 0.00 75.00 0.00 0.862833
4 81.00 0.00 79.50 0.00 76.50 0.00 78.00 0.00 2.51664
4 82.50 0.00 81.00 0.00 76.50 0.00 78.00 0.00 0.538267
4 94.50 0.00 87.00 0.00 64.50 0.00 72.00 0.00 0.215804
4 94.50 0.00 88.50 0.00 64.50 0.00 70.50 0.00 0.0991044
4 93.00 0.00 88.50 0.00 66.00 0.00 70.50 0.00 0.0693253
4 88.50 0.00 82.50 0.00 70.50 0.00 76.50 0.00 0.89148
4 91.50 0.00 85.50 0.00 67.50 0.00 73.50 0.00 0.292102
4 88.50 0.00 84.00 0.00 70.50 0.00 75.00 0.00 0.341261
4 91.50 0.00 88.50 0.00 67.50 0.00 70.50 0.00 0.0429245
4 90.00 0.00 87.00 0.00 69.00 0.00 72.00 0.00 0.0722707
4 87.00 0.00 84.00 0.00 72.00 0.00 75.00 0.00 0.194601
4 85.50 0.00 82.50 0.00 73.50 0.00 76.50 0.00 0.392381
4 85.50 0.00 84.00 0.00 73.50 0.00 75.00 0.00 0.0647887
4 94.50 0.00 91.50 0.00 64.50 0.00 67.50 0.00 0.0122338
4 93.00 0.00 90.00 0.00 66.00 0.00 69.00 0.00 0.0199538
4 93.00 0.00 84.00 0.00 66.00 0.00 75.00 0.00 0.70998
4 88.50 0.00 85.50 0.00 70.50 0.00 73.50 0.00 0.110577
4 87.00 0.00 85.50 0.00 72.00 0.00 73.50 0.00 0.0354338
4 84.00 0.00 81.00 0.00 75.00 0.00 78.00 0.00 1.15916
4 84.00 0.00 82.50 0.00 75.00 0.00 76.50 0.00 0.141799
4 84.00 0.00 82.50 0.00 76.50 0.00 78.00 0.00 0.227899
4 91.50 0.00 84.00 0.00 69.00 0.00 76.50 0.00 0.786704
4 82.50 0.00 81.00 0.00 78.00 0.00 79.50 0.00 2.31731
4 91.50 0.00 87.00 0.00 69.00 0.00 73.50 0.00 0.145287
4 87.00 0.00 82.50 0.00 73.50 0.00 78.00 0.00 0.942281
4 87.00 0.00 85.50 0.00 73.50 0.00 75.00 0.00 0.0437776
4 85.50 0.00 84.00 0.00 75.00 0.00 76.50 0.00 0.0972248
4 94.50 0.00 85.50 0.00 67.50 0.00 76.50 0.00 0.659649
4 87.00 0.00 85.50 0.00 75.00 0.00 76.50 0.00 0.0619938
4 94.50 0.00 90.00 0.00 67.50 0.00 72.00 0.00 0.0616529
4 94.50 0.00 91.50 0.00 67.50 0.00 70.50 0.00 0.0231732
4 87.00 0.00 84.00 0.00 75.00 0.00 78.00 0.00 0.375868
4 85.50 0.00 84.00 0.00 76.50 0.00 78.00 0.00 0.135885
4 93.00 0.00 87.00 0.00 69.00 0.00 75.00 0.00 0.247709
4 93.00 0.00 90.00 0.00 69.00 0.00 72.00 0.00 0.0304547
4 85.50 0.00 82.50 0.00 76.50 0.00 79.50 0.00 1.13314
4 84.00 0.00 82.50 0.00 78.00 0.00 79.50 0.00 0.527063
4 90.00 0.00 84.00 0.00 72.00 0.00 78.00 0.00 0.848939
4 90.00 0.00 85.50 0.00 72.00 0.00 76.50 0.00 0.323805
4 90.00 0.00 87.00 0.00 72.00 0.00 75.00 0.00 0.104158
4 88.50 0.00 85.50 0.00 73.50 0.00 76.50 0.00 0.183599
4 91.50 0.00 88.50 0.00 70.50 0.00 73.50 0.00 0.0556669
4 88.50 0.00 87.00 0.00 73.50 0.00 75.00 0.00 0.0323193
4 88.50 0.00 87.00 0.00 75.00 0.00 76.50 0.00 0.0455815
4 88.50 0.00 84.00 0.00 75.00 0.00 79.50 0.00 0.918086
4 87.00 0.00 85.50 0.00 76.50 0.00 78.00 0.00 0.0804514
4 93.00 0.00 88.50 0.00 70.50 0.00 75.00 0.00 0.1189
4 85.50 0.00 84.00 0.00 78.00 0.00 79.50 0.00 0.242677
4 93.00 0.00 85.50 0.00 70.50 0.00 78.00 0.00 0.684263
4 84.00 0.00 82.50 0.00 79.50 0.00 81.00 0.00 2.13584
4 90.00 0.00 87.00 0.00 75.00 0.00 78.00 0.00 0.174589
4 90.00 0.00 88.50 0.00 75.00 0.00 76.50 0.00 0.0328675
4 93.00 0.00 90.00 0.00 72.00 0.00 75.00 0.00 0.0409005
4 88.50 0.00 85.50 0.00 76.50 0.00 79.50 0.00 0.334978
4 88.50 0.00 87.00 0.00 76.50 0.00 78.00 0.00 0.0559082
4 94.50 0.00 88.50 0.00 70.50 0.00 76.50 0.00 0.216686
4 94.50 0.00 91.50 0.00 70.50 0.00 73.50 0.00 0.0315792
4 87.00 0.00 84.00 0.00 78.00 0.00 81.00 0.00 1.14215
4 87.00 0.00 85.50 0.00 78.00 0.00 79.50 0.00 0.1206
4 85.50 0.00 84.00 0.00 79.50 0.00 81.00 0.00 0.565285
4 91.50 0.00 87.00 0.00 73.50 0.00 78.00 0.00 0.277506
4 91.50 0.00 88.50 0.00 73.50 0.00 76.50 0.00 0.0850442
4 91.50 0.00 85.50 0.00 73.50 0.00 79.50 0.00 0.742122
4 90.00 0.00 88.50 0.00 76.50 0.00 78.00 0.00 0.0402517
4 94.50 0.00 90.00 0.00 72.00 0.00 76.50 0.00 0.0978857
4 90.00 0.00 85.50 0.00 76.50 0.00 81.00 0.00 0.851382
4 88.50 0.00 87.00 0.00 78.00 0.00 79.50 0.00 0.0781117
4 87.00 0.00 85.50 0.00 79.50 0.00 81.00 0.00 0.213884
4 94.50 0.00 87.00 0.00 72.00 0.00 79.50 0.00 0.618232
4 85.50 0.00 84.00 0.00 81.00 0.00 82.50 0.00 2.35172
4 91.50 0.00 90.00 0.00 76.50 0.00 78.00 0.00 0.0184542
4 87.00 0.00 85.50 0.00 81.00 0.00 82.50 0.00 0.550086
4 93.00 0.00 87.00 0.00 75.00 0.00 81.00 0.00 0.689274
4 93.00 0.00 88.50 0.00 75.00 0.00 79.50 0.00 0.238503
4 91.50 0.00 88.50 0.00 76.50 0.00 79.50 0.00 0.138654
4 94.50 0.00 91.50 0.00 73.50 0.00 76.50 0.00 0.0443693
4 90.00 0.00 87.00 0.00 78.00 0.00 81.00 0.00 0.340405
4 90.00 0.00 88.50 0.00 78.00 0.00 79.50 0.00 0.0553123
4 88.50 0.00 85.50 0.00 79.50 0.00 82.50 0.00 1.15471
4 88.50 0.00 87.00 0.00 79.50 0.00 81.00 0.00 0.124157
4 93.00 0.00 90.00 0.00 75.00 0.00 78.00 0.00 0.0620078
4 88.50 0.00 87.00 0.00 81.00 0.00 82.50 0.00 0.267197
4 87.00 0.00 85.50 0.00 82.50 0.00 84.00 0.00 1.75305
4 91.50 0.00 90.00 0.00 78.00 0.00 79.50 0.00 0.0246334
4 91.50 0.00 87.00 0.00 78.00 0.00 82.50 0.00 0.888099
4 90.00 0.00 88.50 0.00 79.50 0.00 81.00 0.00 0.082942
4 90.00 0.00 87.00 0.00 81.00 0.00 84.00 0.00 1.28331
4 90.00 0.00 88.50 0.00 81.00 0.00 82.50 0.00 0.158903
4 94.50 0.00 91.50 0.00 76.50 0.00 79.50 0.00 0.0657395
4 94.50 0.00 90.00 0.00 76.50 0.00 81.00 0.00 0.193788
4 88.50 0.00 87.00 0.00 82.50 0.00 84.00 0.00 0.565477
4 93.00 0.00 90.00 0.00 78.00 0.00 81.00 0.00 0.112467
4 93.00 0.00 91.50 0.00 78.00 0.00 79.50 0.00 0.0233657
4 91.50 0.00 90.00 0.00 79.50 0.00 81.00 0.00 0.035144
4 94.50 0.00 88.50 0.00 76.50 0.00 82.50 0.00 0.677355
4 91.50 0.00 88.50 0.00 79.50 0.00 82.50 0.00 0.338971
4 93.00 0.00 88.50 0.00 79.50 0.00 84.00 0.00 0.888106
4 90.00 0.00 88.50 0.00 82.50 0.00 84.00 0.00 0.291698
4 93.00 0.00 91.50 0.00 79.50 0.00 81.00 0.00 0.0292539
4 88.50 0.00 87.00 0.00 84.00 0.00 85.50 0.00 2.01369
4 91.50 0.00 90.00 0.00 81.00 0.00 82.50 0.00 0.062236
4 91.50 0.00 90.00 0.00 82.50 0.00 84.00 0.00 0.103756
4 91.50 0.00 88.50 0.00 82.50 0.00 85.50 0.00 1.11173
4 90.00 0.00 88.50 0.00 84.00 0.00 85.50 0.00 0.553996
4 94.50 0.00 93.00 0.00 79.50 0.00 81.00 0.00 0.0207346
4 94.50 0.00 91.50 0.00 79.50 0.00 82.50 0.00 0.134084
4 93.00 0.00 90.00 0.00 81.00 0.00 84.00 0.00 0.290649
4 93.00 0.00 91.50 0.00 81.00 0.00 82.50 0.00 0.0485011
4 94.50 0.00 90.00 0.00 81.00 0.00 85.50 0.00 0.723611
4 94.50 0.00 93.00 0.00 81.00 0.00 82.50 0.00 0.0356814
4 93.00 0.00 91.50 0.00 82.50 0.00 84.00 0.00 0.0760809
4 91.50 0.00 90.00 0.00 84.00 0.00 85.50 0.00 0.162558
4 90.00 0.00 88.50 0.00 85.50 0.00 87.00 0.00 2.18016
4 94.50 0.00 93.00 0.00 82.50 0.00 84.00 0.00 0.0538062
4 94.50 0.00 91.50 0.00 82.50 0.00 85.50 0.00 0.310885
4 93.00 0.00 90.00 0.00 84.00 0.00 87.00 0.00 0.773365
4 93.00 0.00 91.50 0.00 84.00 0.00 85.50 0.00 0.108116
4 91.50 0.00 90.00 0.00 85.50 0.00 87.00 0.00 0.33998
4 94.50 0.00 93.00 0.00 84.00 0.00 85.50 0.00 0.0729237
4 93.00 0.00 91.50 0.00 85.50 0.00 87.00 0.00 0.162864
4 91.50 0.00 90.00 0.00 87.00 0.00 88.50 0.00 1.43894
4 94.50 0.00 91.50 0.00 85.50 0.00 88.50 0.00 0.779148
4 94.50 0.00 93.00 0.00 85.50 0.00 87.00 0.00 0.099197
4 93.00 0.00 91.50 0.00 87.00 0.00 88.50 0.00 0.345426
4 94.50 0.00 93.00 0.00 87.00 0.00 88.50 0.00 0.171976
4 93.00 0.00 91.50 0.00 88.50 0.00 90.00 0.00 1.20683
4 94.50 0.00 93.00 0.00 88.50 0.00 90.00 0.00 0.368241
4 94.50 0.00 93.00 0.00 90.00 0.00 91.50 0.00 0.932813
0
0
0
0
0
0
0
0
