Project25 DipoleDipole_1
1.50
11
3
Type of measurement (0=app.resistivity,1=resistance)
1
1980
2
0
4 4.50 0.00 3.00 0.00 0.00 0.00 1.50 0.00 1.49783
4 6.00 0.00 4.50 0.00 0.00 0.00 1.50 0.00 0.247843
4 6.00 0.00 4.50 0.00 1.50 0.00 3.00 0.00 1.75761
4 7.50 0.00 6.00 0.00 0.00 0.00 1.50 0.00 0.0920811
4 9.00 0.00 6.00 0.00 0.00 0.00 3.00 0.00 0.41466
4 7.50 0.00 6.00 0.00 1.50 0.00 3.00 0.00 0.210088
4 9.00 0.00 7.50 0.00 0.00 0.00 1.50 0.00 0.0416099
4 10.50 0.00 9.00 0.00 0.00 0.00 1.50 0.00 0.0258887
4 7.50 0.00 6.00 0.00 3.00 0.00 4.50 0.00 1.18552
4 9.00 0.00 7.50 0.00 1.50 0.00 3.00 0.00 0.0709318
4 12.00 0.00 10.50 0.00 0.00 0.00 1.50 0.00 0.0165698
4 9.00 0.00 7.50 0.00 3.00 0.00 4.50 0.00 0.160626
4 10.50 0.00 9.00 0.00 1.50 0.00 3.00 0.00 0.0383394
4 12.00 0.00 9.00 0.00 0.00 0.00 3.00 0.00 0.103351
4 10.50 0.00 7.50 0.00 1.50 0.00 4.50 0.00 0.338153
4 13.50 0.00 12.00 0.00 0.00 0.00 1.50 0.00 0.0133663
4 10.50 0.00 9.00 0.00 3.00 0.00 4.50 0.00 0.0682116
4 12.00 0.00 10.50 0.00 1.50 0.00 3.00 0.00 0.0225846
4 9.00 0.00 7.50 0.00 4.50 0.00 6.00 0.00 1.51261
4 13.50 0.00 9.00 0.00 0.00 0.00 4.50 0.00 0.262532
4 15.00 0.00 12.00 0.00 0.00 0.00 3.00 0.00 0.0520399
4 12.00 0.00 9.00 0.00 3.00 0.00 6.00 0.00 0.411993
4 13.50 0.00 10.50 0.00 1.50 0.00 4.50 0.00 0.100283
4 15.00 0.00 13.50 0.00 0.00 0.00 1.50 0.00 0.00855836
4 12.00 0.00 10.50 0.00 3.00 0.00 4.50 0.00 0.0345258
4 13.50 0.00 12.00 0.00 1.50 0.00 3.00 0.00 0.0183767
4 10.50 0.00 9.00 0.00 4.50 0.00 6.00 0.00 0.226984
4 15.00 0.00 13.50 0.00 1.50 0.00 3.00 0.00 0.0118274
4 12.00 0.00 10.50 0.00 4.50 0.00 6.00 0.00 0.0823116
4 10.50 0.00 9.00 0.00 6.00 0.00 7.50 0.00 1.53696
4 15.00 0.00 10.50 0.00 1.50 0.00 6.00 0.00 0.288171
4 13.50 0.00 12.00 0.00 3.00 0.00 4.50 0.00 0.0249885
4 15.00 0.00 12.00 0.00 3.00 0.00 6.00 0.00 0.11868
4 16.50 0.00 13.50 0.00 1.50 0.00 4.50 0.00 0.0485288
4 13.50 0.00 10.50 0.00 4.50 0.00 7.50 0.00 0.471756
4 16.50 0.00 15.00 0.00 1.50 0.00 3.00 0.00 0.00928743
4 18.00 0.00 15.00 0.00 0.00 0.00 3.00 0.00 0.0289622
4 15.00 0.00 13.50 0.00 3.00 0.00 4.50 0.00 0.0158897
4 18.00 0.00 12.00 0.00 0.00 0.00 6.00 0.00 0.255444
4 13.50 0.00 12.00 0.00 4.50 0.00 6.00 0.00 0.0494972
4 12.00 0.00 10.50 0.00 6.00 0.00 7.50 0.00 0.235995
4 18.00 0.00 13.50 0.00 0.00 0.00 4.50 0.00 0.0861557
4 16.50 0.00 12.00 0.00 3.00 0.00 7.50 0.00 0.337565
4 16.50 0.00 15.00 0.00 3.00 0.00 4.50 0.00 0.0115961
4 15.00 0.00 13.50 0.00 4.50 0.00 6.00 0.00 0.028362
4 13.50 0.00 12.00 0.00 6.00 0.00 7.50 0.00 0.104117
4 12.00 0.00 10.50 0.00 7.50 0.00 9.00 0.00 1.19526
4 19.50 0.00 13.50 0.00 1.50 0.00 7.50 0.00 0.271584
4 18.00 0.00 15.00 0.00 3.00 0.00 6.00 0.00 0.0559398
4 19.50 0.00 15.00 0.00 1.50 0.00 6.00 0.00 0.092636
4 15.00 0.00 13.50 0.00 6.00 0.00 7.50 0.00 0.0510626
4 13.50 0.00 12.00 0.00 7.50 0.00 9.00 0.00 0.25044
4 18.00 0.00 16.50 0.00 3.00 0.00 4.50 0.00 0.00939816
4 19.50 0.00 16.50 0.00 1.50 0.00 4.50 0.00 0.0272121
4 21.00 0.00 18.00 0.00 0.00 0.00 3.00 0.00 0.0154882
4 16.50 0.00 13.50 0.00 4.50 0.00 7.50 0.00 0.131766
4 15.00 0.00 12.00 0.00 6.00 0.00 9.00 0.00 0.493152
4 16.50 0.00 15.00 0.00 4.50 0.00 6.00 0.00 0.0197164
4 22.50 0.00 18.00 0.00 0.00 0.00 4.50 0.00 0.035348
4 16.50 0.00 15.00 0.00 6.00 0.00 7.50 0.00 0.0326737
4 22.50 0.00 15.00 0.00 0.00 0.00 7.50 0.00 0.231161
4 13.50 0.00 12.00 0.00 9.00 0.00 10.50 0.00 1.66048
4 15.00 0.00 13.50 0.00 7.50 0.00 9.00 0.00 0.0890456
4 18.00 0.00 16.50 0.00 4.50 0.00 6.00 0.00 0.0154718
4 18.00 0.00 13.50 0.00 4.50 0.00 9.00 0.00 0.345718
4 18.00 0.00 16.50 0.00 6.00 0.00 7.50 0.00 0.0242431
4 19.50 0.00 16.50 0.00 4.50 0.00 7.50 0.00 0.0640825
4 24.00 0.00 21.00 0.00 0.00 0.00 3.00 0.00 0.0106614
4 21.00 0.00 16.50 0.00 3.00 0.00 7.50 0.00 0.100327
4 19.50 0.00 18.00 0.00 4.50 0.00 6.00 0.00 0.00965608
4 21.00 0.00 18.00 0.00 3.00 0.00 6.00 0.00 0.0266643
4 16.50 0.00 13.50 0.00 7.50 0.00 10.50 0.00 0.450355
4 24.00 0.00 18.00 0.00 0.00 0.00 6.00 0.00 0.0685135
4 16.50 0.00 15.00 0.00 7.50 0.00 9.00 0.00 0.0504375
4 18.00 0.00 15.00 0.00 6.00 0.00 9.00 0.00 0.142028
4 22.50 0.00 19.50 0.00 1.50 0.00 4.50 0.00 0.0136753
4 15.00 0.00 13.50 0.00 9.00 0.00 10.50 0.00 0.219105
4 21.00 0.00 15.00 0.00 3.00 0.00 9.00 0.00 0.282656
4 24.00 0.00 19.50 0.00 1.50 0.00 6.00 0.00 0.0342694
4 16.50 0.00 15.00 0.00 9.00 0.00 10.50 0.00 0.0923134
4 19.50 0.00 15.00 0.00 6.00 0.00 10.50 0.00 0.356247
4 15.00 0.00 13.50 0.00 10.50 0.00 12.00 0.00 1.59624
4 18.00 0.00 16.50 0.00 7.50 0.00 9.00 0.00 0.0348981
4 24.00 0.00 16.50 0.00 1.50 0.00 9.00 0.00 0.23445
4 19.50 0.00 18.00 0.00 6.00 0.00 7.50 0.00 0.0147498
4 25.50 0.00 22.50 0.00 1.50 0.00 4.50 0.00 0.00955886
4 27.00 0.00 22.50 0.00 0.00 0.00 4.50 0.00 0.0178366
4 19.50 0.00 18.00 0.00 7.50 0.00 9.00 0.00 0.0203105
4 21.00 0.00 18.00 0.00 6.00 0.00 9.00 0.00 0.0581422
4 22.50 0.00 18.00 0.00 4.50 0.00 9.00 0.00 0.0978552
4 27.00 0.00 18.00 0.00 0.00 0.00 9.00 0.00 0.192615
4 16.50 0.00 15.00 0.00 10.50 0.00 12.00 0.00 0.267796
4 21.00 0.00 19.50 0.00 6.00 0.00 7.50 0.00 0.0100267
4 18.00 0.00 15.00 0.00 9.00 0.00 12.00 0.00 0.532648
4 22.50 0.00 19.50 0.00 4.50 0.00 7.50 0.00 0.0296879
4 27.00 0.00 24.00 0.00 0.00 0.00 3.00 0.00 0.00607108
4 25.50 0.00 19.50 0.00 1.50 0.00 7.50 0.00 0.0713247
4 18.00 0.00 16.50 0.00 9.00 0.00 10.50 0.00 0.0562944
4 24.00 0.00 21.00 0.00 3.00 0.00 6.00 0.00 0.0155747
4 19.50 0.00 16.50 0.00 7.50 0.00 10.50 0.00 0.142084
4 22.50 0.00 16.50 0.00 4.50 0.00 10.50 0.00 0.293061
4 18.00 0.00 16.50 0.00 10.50 0.00 12.00 0.00 0.116917
4 21.00 0.00 16.50 0.00 7.50 0.00 12.00 0.00 0.377395
4 25.50 0.00 21.00 0.00 3.00 0.00 7.50 0.00 0.0406219
4 19.50 0.00 18.00 0.00 9.00 0.00 10.50 0.00 0.0305398
4 25.50 0.00 18.00 0.00 3.00 0.00 10.50 0.00 0.233038
4 16.50 0.00 15.00 0.00 12.00 0.00 13.50 0.00 2.77954
4 21.00 0.00 19.50 0.00 7.50 0.00 9.00 0.00 0.013204
4 21.00 0.00 19.50 0.00 9.00 0.00 10.50 0.00 0.0192364
4 22.50 0.00 19.50 0.00 7.50 0.00 10.50 0.00 0.0571306
4 27.00 0.00 24.00 0.00 3.00 0.00 6.00 0.00 0.0104304
4 24.00 0.00 19.50 0.00 6.00 0.00 10.50 0.00 0.0972748
4 28.50 0.00 24.00 0.00 1.50 0.00 6.00 0.00 0.0181375
4 28.50 0.00 19.50 0.00 1.50 0.00 10.50 0.00 0.192731
4 30.00 0.00 27.00 0.00 0.00 0.00 3.00 0.00 0.00400998
4 30.00 0.00 22.50 0.00 0.00 0.00 7.50 0.00 0.0562123
4 28.50 0.00 25.50 0.00 1.50 0.00 4.50 0.00 0.0053823
4 18.00 0.00 16.50 0.00 12.00 0.00 13.50 0.00 0.40617
4 22.50 0.00 21.00 0.00 7.50 0.00 9.00 0.00 0.0101481
4 19.50 0.00 16.50 0.00 10.50 0.00 13.50 0.00 0.69956
4 24.00 0.00 21.00 0.00 6.00 0.00 9.00 0.00 0.0305215
4 27.00 0.00 21.00 0.00 3.00 0.00 9.00 0.00 0.0757294
4 30.00 0.00 24.00 0.00 0.00 0.00 6.00 0.00 0.0263012
4 19.50 0.00 18.00 0.00 10.50 0.00 12.00 0.00 0.0548217
4 21.00 0.00 18.00 0.00 9.00 0.00 12.00 0.00 0.136377
4 25.50 0.00 22.50 0.00 4.50 0.00 7.50 0.00 0.0184647
4 24.00 0.00 18.00 0.00 6.00 0.00 12.00 0.00 0.289612
4 19.50 0.00 18.00 0.00 12.00 0.00 13.50 0.00 0.122188
4 22.50 0.00 18.00 0.00 9.00 0.00 13.50 0.00 0.399882
4 27.00 0.00 22.50 0.00 4.50 0.00 9.00 0.00 0.0415634
4 18.00 0.00 16.50 0.00 13.50 0.00 15.00 0.00 3.34977
4 21.00 0.00 19.50 0.00 10.50 0.00 12.00 0.00 0.0319062
4 27.00 0.00 19.50 0.00 4.50 0.00 12.00 0.00 0.247586
4 31.50 0.00 27.00 0.00 0.00 0.00 4.50 0.00 0.00890233
4 22.50 0.00 21.00 0.00 9.00 0.00 10.50 0.00 0.0145048
4 19.50 0.00 18.00 0.00 13.50 0.00 15.00 0.00 0.325278
4 21.00 0.00 18.00 0.00 12.00 0.00 15.00 0.00 0.619984
4 30.00 0.00 27.00 0.00 3.00 0.00 6.00 0.00 0.00579342
4 22.50 0.00 21.00 0.00 10.50 0.00 12.00 0.00 0.0240118
4 24.00 0.00 21.00 0.00 9.00 0.00 12.00 0.00 0.0644456
4 28.50 0.00 25.50 0.00 4.50 0.00 7.50 0.00 0.00959255
4 25.50 0.00 21.00 0.00 7.50 0.00 12.00 0.00 0.112484
4 31.50 0.00 28.50 0.00 1.50 0.00 4.50 0.00 0.00400091
4 24.00 0.00 22.50 0.00 9.00 0.00 10.50 0.00 0.00989109
4 31.50 0.00 24.00 0.00 1.50 0.00 9.00 0.00 0.0574331
4 25.50 0.00 22.50 0.00 7.50 0.00 10.50 0.00 0.0330039
4 28.50 0.00 22.50 0.00 4.50 0.00 10.50 0.00 0.0771543
4 30.00 0.00 25.50 0.00 3.00 0.00 7.50 0.00 0.0175898
4 31.50 0.00 25.50 0.00 1.50 0.00 7.50 0.00 0.0255677
4 30.00 0.00 21.00 0.00 3.00 0.00 12.00 0.00 0.213192
4 27.00 0.00 24.00 0.00 6.00 0.00 9.00 0.00 0.0191275
4 21.00 0.00 19.50 0.00 12.00 0.00 13.50 0.00 0.0604684
4 22.50 0.00 19.50 0.00 10.50 0.00 13.50 0.00 0.158768
4 25.50 0.00 19.50 0.00 7.50 0.00 13.50 0.00 0.330897
4 19.50 0.00 18.00 0.00 15.00 0.00 16.50 0.00 1.96087
4 28.50 0.00 24.00 0.00 6.00 0.00 10.50 0.00 0.0429902
4 21.00 0.00 19.50 0.00 13.50 0.00 15.00 0.00 0.112157
4 24.00 0.00 19.50 0.00 10.50 0.00 15.00 0.00 0.422858
4 22.50 0.00 21.00 0.00 12.00 0.00 13.50 0.00 0.0423828
4 28.50 0.00 21.00 0.00 6.00 0.00 13.50 0.00 0.28565
4 33.00 0.00 28.50 0.00 1.50 0.00 6.00 0.00 0.00920819
4 24.00 0.00 22.50 0.00 10.50 0.00 12.00 0.00 0.0158846
4 31.50 0.00 28.50 0.00 4.50 0.00 7.50 0.00 0.00683665
4 27.00 0.00 21.00 0.00 9.00 0.00 15.00 0.00 0.374716
4 21.00 0.00 19.50 0.00 15.00 0.00 16.50 0.00 0.274121
4 30.00 0.00 24.00 0.00 6.00 0.00 12.00 0.00 0.0860502
4 24.00 0.00 22.50 0.00 12.00 0.00 13.50 0.00 0.0271102
4 25.50 0.00 22.50 0.00 10.50 0.00 13.50 0.00 0.0820601
4 27.00 0.00 22.50 0.00 9.00 0.00 13.50 0.00 0.128716
4 33.00 0.00 30.00 0.00 3.00 0.00 6.00 0.00 0.00394683
4 36.00 0.00 30.00 0.00 0.00 0.00 6.00 0.00 0.0111252
4 33.00 0.00 25.50 0.00 3.00 0.00 10.50 0.00 0.0545055
4 25.50 0.00 24.00 0.00 10.50 0.00 12.00 0.00 0.0146864
4 27.00 0.00 24.00 0.00 9.00 0.00 12.00 0.00 0.0376524
4 22.50 0.00 19.50 0.00 13.50 0.00 16.50 0.00 0.573551
4 36.00 0.00 31.50 0.00 0.00 0.00 4.50 0.00 0.0051571
4 30.00 0.00 27.00 0.00 6.00 0.00 9.00 0.00 0.0101411
4 31.50 0.00 27.00 0.00 4.50 0.00 9.00 0.00 0.0182965
4 33.00 0.00 27.00 0.00 3.00 0.00 9.00 0.00 0.0261619
4 22.50 0.00 21.00 0.00 13.50 0.00 15.00 0.00 0.0684061
4 24.00 0.00 21.00 0.00 12.00 0.00 15.00 0.00 0.178959
4 31.50 0.00 22.50 0.00 4.50 0.00 13.50 0.00 0.238566
4 28.50 0.00 25.50 0.00 7.50 0.00 10.50 0.00 0.0160673
4 36.00 0.00 27.00 0.00 0.00 0.00 9.00 0.00 0.0414613
4 24.00 0.00 22.50 0.00 13.50 0.00 15.00 0.00 0.0409045
4 25.50 0.00 21.00 0.00 12.00 0.00 16.50 0.00 0.470163
4 22.50 0.00 21.00 0.00 15.00 0.00 16.50 0.00 0.119599
4 30.00 0.00 22.50 0.00 7.50 0.00 15.00 0.00 0.31287
4 21.00 0.00 19.50 0.00 16.50 0.00 18.00 0.00 1.79997
4 34.50 0.00 30.00 0.00 3.00 0.00 7.50 0.00 0.00903078
4 37.50 0.00 30.00 0.00 0.00 0.00 7.50 0.00 0.0183022
4 30.00 0.00 25.50 0.00 7.50 0.00 12.00 0.00 0.0423825
4 25.50 0.00 24.00 0.00 12.00 0.00 13.50 0.00 0.0245203
4 33.00 0.00 30.00 0.00 6.00 0.00 9.00 0.00 0.00642983
4 31.50 0.00 25.50 0.00 7.50 0.00 13.50 0.00 0.0890451
4 24.00 0.00 21.00 0.00 15.00 0.00 18.00 0.00 0.654699
4 24.00 0.00 22.50 0.00 15.00 0.00 16.50 0.00 0.0615306
4 25.50 0.00 22.50 0.00 13.50 0.00 16.50 0.00 0.188241
4 34.50 0.00 31.50 0.00 4.50 0.00 7.50 0.00 0.0039483
4 37.50 0.00 31.50 0.00 1.50 0.00 7.50 0.00 0.0112518
4 30.00 0.00 27.00 0.00 9.00 0.00 12.00 0.00 0.019195
4 27.00 0.00 25.50 0.00 12.00 0.00 13.50 0.00 0.0138569
4 34.50 0.00 27.00 0.00 4.50 0.00 12.00 0.00 0.0591139
4 22.50 0.00 21.00 0.00 16.50 0.00 18.00 0.00 0.345608
4 28.50 0.00 25.50 0.00 10.50 0.00 13.50 0.00 0.0387081
4 25.50 0.00 24.00 0.00 13.50 0.00 15.00 0.00 0.0357308
4 27.00 0.00 24.00 0.00 12.00 0.00 15.00 0.00 0.0936256
4 28.50 0.00 22.50 0.00 10.50 0.00 16.50 0.00 0.38905
4 37.50 0.00 33.00 0.00 1.50 0.00 6.00 0.00 0.00496016
4 31.50 0.00 28.50 0.00 7.50 0.00 10.50 0.00 0.0107234
4 28.50 0.00 24.00 0.00 10.50 0.00 15.00 0.00 0.147699
4 33.00 0.00 28.50 0.00 6.00 0.00 10.50 0.00 0.0192724
4 34.50 0.00 28.50 0.00 4.50 0.00 10.50 0.00 0.0274004
4 33.00 0.00 24.00 0.00 6.00 0.00 15.00 0.00 0.267705
4 37.50 0.00 28.50 0.00 1.50 0.00 10.50 0.00 0.0424357
4 31.50 0.00 24.00 0.00 9.00 0.00 16.50 0.00 0.338189
4 27.00 0.00 25.50 0.00 13.50 0.00 15.00 0.00 0.0197226
4 25.50 0.00 24.00 0.00 15.00 0.00 16.50 0.00 0.0502918
4 24.00 0.00 22.50 0.00 16.50 0.00 18.00 0.00 0.127857
4 22.50 0.00 21.00 0.00 18.00 0.00 19.50 0.00 1.6708
4 40.50 0.00 36.00 0.00 0.00 0.00 4.50 0.00 0.00341514
4 31.50 0.00 27.00 0.00 9.00 0.00 13.50 0.00 0.0502756
4 27.00 0.00 22.50 0.00 13.50 0.00 18.00 0.00 0.497089
4 36.00 0.00 31.50 0.00 4.50 0.00 9.00 0.00 0.00940677
4 39.00 0.00 31.50 0.00 1.50 0.00 9.00 0.00 0.0186611
4 30.00 0.00 24.00 0.00 12.00 0.00 18.00 0.00 0.441803
4 34.50 0.00 31.50 0.00 7.50 0.00 10.50 0.00 0.0060915
4 42.00 0.00 36.00 0.00 0.00 0.00 6.00 0.00 0.00635447
4 30.00 0.00 25.50 0.00 12.00 0.00 16.50 0.00 0.140512
4 30.00 0.00 27.00 0.00 12.00 0.00 15.00 0.00 0.0454703
4 28.50 0.00 25.50 0.00 13.50 0.00 16.50 0.00 0.0800598
4 28.50 0.00 27.00 0.00 13.50 0.00 15.00 0.00 0.0144264
4 33.00 0.00 27.00 0.00 9.00 0.00 15.00 0.00 0.101188
4 36.00 0.00 33.00 0.00 6.00 0.00 9.00 0.00 0.00411451
4 34.50 0.00 25.50 0.00 7.50 0.00 16.50 0.00 0.260298
4 31.50 0.00 28.50 0.00 10.50 0.00 13.50 0.00 0.0237513
4 39.00 0.00 33.00 0.00 3.00 0.00 9.00 0.00 0.0115664
4 36.00 0.00 28.50 0.00 6.00 0.00 13.50 0.00 0.0676217
4 27.00 0.00 24.00 0.00 15.00 0.00 18.00 0.00 0.211559
4 27.00 0.00 25.50 0.00 15.00 0.00 16.50 0.00 0.026637
4 25.50 0.00 24.00 0.00 16.50 0.00 18.00 0.00 0.0902609
4 25.50 0.00 22.50 0.00 16.50 0.00 19.50 0.00 0.651172
4 24.00 0.00 22.50 0.00 18.00 0.00 19.50 0.00 0.286722
4 33.00 0.00 30.00 0.00 9.00 0.00 12.00 0.00 0.0112796
4 34.50 0.00 30.00 0.00 7.50 0.00 12.00 0.00 0.0194666
4 39.00 0.00 34.50 0.00 3.00 0.00 7.50 0.00 0.00557765
4 36.00 0.00 30.00 0.00 6.00 0.00 12.00 0.00 0.0283933
4 39.00 0.00 30.00 0.00 3.00 0.00 12.00 0.00 0.0445394
4 25.50 0.00 24.00 0.00 18.00 0.00 19.50 0.00 0.146392
4 24.00 0.00 22.50 0.00 19.50 0.00 21.00 0.00 1.15083
4 33.00 0.00 25.50 0.00 10.50 0.00 18.00 0.00 0.34101
4 28.50 0.00 27.00 0.00 15.00 0.00 16.50 0.00 0.0191409
4 28.50 0.00 24.00 0.00 15.00 0.00 19.50 0.00 0.508795
4 33.00 0.00 28.50 0.00 10.50 0.00 15.00 0.00 0.0580129
4 27.00 0.00 25.50 0.00 16.50 0.00 18.00 0.00 0.0445693
4 37.50 0.00 33.00 0.00 6.00 0.00 10.50 0.00 0.00922489
4 42.00 0.00 37.50 0.00 1.50 0.00 6.00 0.00 0.00358385
4 40.50 0.00 33.00 0.00 3.00 0.00 10.50 0.00 0.0190208
4 34.50 0.00 31.50 0.00 10.50 0.00 13.50 0.00 0.0133987
4 28.50 0.00 25.50 0.00 16.50 0.00 19.50 0.00 0.176332
4 36.00 0.00 31.50 0.00 9.00 0.00 13.50 0.00 0.0229289
4 37.50 0.00 31.50 0.00 7.50 0.00 13.50 0.00 0.032239
4 28.50 0.00 27.00 0.00 16.50 0.00 18.00 0.00 0.0313227
4 40.50 0.00 31.50 0.00 4.50 0.00 13.50 0.00 0.0507784
4 31.50 0.00 28.50 0.00 13.50 0.00 16.50 0.00 0.0463313
4 34.50 0.00 28.50 0.00 10.50 0.00 16.50 0.00 0.108626
4 27.00 0.00 24.00 0.00 18.00 0.00 21.00 0.00 0.608397
4 36.00 0.00 27.00 0.00 9.00 0.00 18.00 0.00 0.288461
4 27.00 0.00 25.50 0.00 18.00 0.00 19.50 0.00 0.0607209
4 36.00 0.00 33.00 0.00 9.00 0.00 12.00 0.00 0.00697032
4 43.50 0.00 37.50 0.00 1.50 0.00 7.50 0.00 0.00686092
4 33.00 0.00 30.00 0.00 12.00 0.00 15.00 0.00 0.0253538
4 25.50 0.00 24.00 0.00 19.50 0.00 21.00 0.00 0.308456
4 45.00 0.00 40.50 0.00 0.00 0.00 4.50 0.00 0.00260421
4 45.00 0.00 36.00 0.00 0.00 0.00 9.00 0.00 0.015678
4 37.50 0.00 30.00 0.00 7.50 0.00 15.00 0.00 0.0723198
4 37.50 0.00 34.50 0.00 7.50 0.00 10.50 0.00 0.00405495
4 40.50 0.00 34.50 0.00 4.50 0.00 10.50 0.00 0.012352
4 30.00 0.00 27.00 0.00 15.00 0.00 18.00 0.00 0.0913444
4 30.00 0.00 28.50 0.00 15.00 0.00 16.50 0.00 0.0157566
4 45.00 0.00 37.50 0.00 0.00 0.00 7.50 0.00 0.00949325
4 40.50 0.00 36.00 0.00 4.50 0.00 9.00 0.00 0.00560514
4 31.50 0.00 25.50 0.00 13.50 0.00 19.50 0.00 0.39378
4 31.50 0.00 27.00 0.00 13.50 0.00 18.00 0.00 0.15272
4 30.00 0.00 25.50 0.00 16.50 0.00 21.00 0.00 0.41859
4 39.00 0.00 34.50 0.00 7.50 0.00 12.00 0.00 0.0106891
4 42.00 0.00 34.50 0.00 4.50 0.00 12.00 0.00 0.0211874
4 28.50 0.00 27.00 0.00 18.00 0.00 19.50 0.00 0.0398255
4 27.00 0.00 25.50 0.00 19.50 0.00 21.00 0.00 0.0932396
4 34.50 0.00 27.00 0.00 12.00 0.00 19.50 0.00 0.348165
4 25.50 0.00 24.00 0.00 21.00 0.00 22.50 0.00 1.54428
4 34.50 0.00 30.00 0.00 12.00 0.00 16.50 0.00 0.058013
4 43.50 0.00 39.00 0.00 3.00 0.00 7.50 0.00 0.00387593
4 30.00 0.00 28.50 0.00 16.50 0.00 18.00 0.00 0.0250381
4 33.00 0.00 28.50 0.00 15.00 0.00 19.50 0.00 0.153334
4 34.50 0.00 31.50 0.00 13.50 0.00 16.50 0.00 0.0254141
4 42.00 0.00 37.50 0.00 6.00 0.00 10.50 0.00 0.0061038
4 36.00 0.00 30.00 0.00 12.00 0.00 18.00 0.00 0.11435
4 31.50 0.00 28.50 0.00 16.50 0.00 19.50 0.00 0.0912758
4 36.00 0.00 33.00 0.00 12.00 0.00 15.00 0.00 0.0148001
4 30.00 0.00 27.00 0.00 18.00 0.00 21.00 0.00 0.164306
4 30.00 0.00 28.50 0.00 18.00 0.00 19.50 0.00 0.0306827
4 37.50 0.00 33.00 0.00 10.50 0.00 15.00 0.00 0.025772
4 39.00 0.00 31.50 0.00 9.00 0.00 16.50 0.00 0.0793711
4 37.50 0.00 34.50 0.00 10.50 0.00 13.50 0.00 0.00857838
4 39.00 0.00 33.00 0.00 9.00 0.00 15.00 0.00 0.0368673
4 46.50 0.00 42.00 0.00 1.50 0.00 6.00 0.00 0.0026781
4 28.50 0.00 25.50 0.00 19.50 0.00 22.50 0.00 0.476372
4 28.50 0.00 27.00 0.00 19.50 0.00 21.00 0.00 0.0543224
4 33.00 0.00 30.00 0.00 15.00 0.00 18.00 0.00 0.0477845
4 48.00 0.00 42.00 0.00 0.00 0.00 6.00 0.00 0.00477181
4 42.00 0.00 33.00 0.00 6.00 0.00 15.00 0.00 0.0562543
4 46.50 0.00 37.50 0.00 1.50 0.00 10.50 0.00 0.0166825
4 27.00 0.00 25.50 0.00 21.00 0.00 22.50 0.00 0.230984
4 39.00 0.00 36.00 0.00 9.00 0.00 12.00 0.00 0.00482573
4 42.00 0.00 36.00 0.00 6.00 0.00 12.00 0.00 0.0134232
4 31.50 0.00 30.00 0.00 16.50 0.00 18.00 0.00 0.0162515
4 45.00 0.00 39.00 0.00 3.00 0.00 9.00 0.00 0.00677461
4 46.50 0.00 39.00 0.00 1.50 0.00 9.00 0.00 0.00967642
4 37.50 0.00 28.50 0.00 10.50 0.00 19.50 0.00 0.298284
4 33.00 0.00 27.00 0.00 15.00 0.00 21.00 0.00 0.379223
4 40.50 0.00 36.00 0.00 9.00 0.00 13.50 0.00 0.0128473
4 36.00 0.00 28.50 0.00 13.50 0.00 21.00 0.00 0.335595
4 43.50 0.00 36.00 0.00 6.00 0.00 13.50 0.00 0.0251679
4 31.50 0.00 27.00 0.00 18.00 0.00 22.50 0.00 0.402703
4 36.00 0.00 31.50 0.00 13.50 0.00 18.00 0.00 0.0627893
4 30.00 0.00 28.50 0.00 19.50 0.00 21.00 0.00 0.039392
4 45.00 0.00 40.50 0.00 4.50 0.00 9.00 0.00 0.00390811
4 28.50 0.00 27.00 0.00 21.00 0.00 22.50 0.00 0.0985671
4 31.50 0.00 30.00 0.00 18.00 0.00 19.50 0.00 0.0195403
4 27.00 0.00 25.50 0.00 22.50 0.00 24.00 0.00 0.904792
4 39.00 0.00 34.50 0.00 12.00 0.00 16.50 0.00 0.0289589
4 34.50 0.00 31.50 0.00 16.50 0.00 19.50 0.00 0.0471252
4 28.50 0.00 27.00 0.00 22.50 0.00 24.00 0.00 0.209189
4 39.00 0.00 36.00 0.00 12.00 0.00 15.00 0.00 0.010295
4 40.50 0.00 34.50 0.00 10.50 0.00 16.50 0.00 0.0411855
4 33.00 0.00 30.00 0.00 18.00 0.00 21.00 0.00 0.0759056
4 33.00 0.00 31.50 0.00 18.00 0.00 19.50 0.00 0.0149483
4 43.50 0.00 39.00 0.00 7.50 0.00 12.00 0.00 0.00694076
4 31.50 0.00 30.00 0.00 19.50 0.00 21.00 0.00 0.0235649
4 43.50 0.00 34.50 0.00 7.50 0.00 16.50 0.00 0.0633858
4 34.50 0.00 28.50 0.00 16.50 0.00 22.50 0.00 0.370083
4 48.00 0.00 43.50 0.00 3.00 0.00 7.50 0.00 0.00275283
4 49.50 0.00 43.50 0.00 1.50 0.00 7.50 0.00 0.00486946
4 31.50 0.00 28.50 0.00 19.50 0.00 22.50 0.00 0.159853
4 40.50 0.00 37.50 0.00 10.50 0.00 13.50 0.00 0.00631515
4 48.00 0.00 39.00 0.00 3.00 0.00 12.00 0.00 0.018224
4 30.00 0.00 27.00 0.00 21.00 0.00 24.00 0.00 0.467461
4 37.50 0.00 31.50 0.00 13.50 0.00 19.50 0.00 0.115523
4 43.50 0.00 37.50 0.00 7.50 0.00 13.50 0.00 0.0166531
4 30.00 0.00 28.50 0.00 21.00 0.00 22.50 0.00 0.0619632
4 39.00 0.00 30.00 0.00 12.00 0.00 21.00 0.00 0.28524
4 37.50 0.00 34.50 0.00 13.50 0.00 16.50 0.00 0.0153982
4 36.00 0.00 33.00 0.00 15.00 0.00 18.00 0.00 0.0267908
4 40.50 0.00 33.00 0.00 10.50 0.00 18.00 0.00 0.0882724
4 46.50 0.00 40.50 0.00 4.50 0.00 10.50 0.00 0.00747644
4 48.00 0.00 40.50 0.00 3.00 0.00 10.50 0.00 0.0104466
4 34.50 0.00 30.00 0.00 16.50 0.00 21.00 0.00 0.136727
4 30.00 0.00 28.50 0.00 22.50 0.00 24.00 0.00 0.0976218
4 28.50 0.00 27.00 0.00 24.00 0.00 25.50 0.00 1.33712
4 52.50 0.00 45.00 0.00 0.00 0.00 7.50 0.00 0.00687343
4 33.00 0.00 31.50 0.00 19.50 0.00 21.00 0.00 0.0182036
4 31.50 0.00 30.00 0.00 21.00 0.00 22.50 0.00 0.0354018
4 45.00 0.00 37.50 0.00 7.50 0.00 15.00 0.00 0.0285888
4 42.00 0.00 37.50 0.00 10.50 0.00 15.00 0.00 0.015192
4 46.50 0.00 42.00 0.00 6.00 0.00 10.50 0.00 0.00432251
4 33.00 0.00 28.50 0.00 19.50 0.00 24.00 0.00 0.377578
4 37.50 0.00 30.00 0.00 15.00 0.00 22.50 0.00 0.313582
4 37.50 0.00 33.00 0.00 15.00 0.00 19.50 0.00 0.061373
4 39.00 0.00 36.00 0.00 15.00 0.00 18.00 0.00 0.0181162
4 39.00 0.00 33.00 0.00 15.00 0.00 21.00 0.00 0.111546
4 31.50 0.00 28.50 0.00 22.50 0.00 25.50 0.00 0.568388
4 37.50 0.00 34.50 0.00 16.50 0.00 19.50 0.00 0.0274852
4 30.00 0.00 28.50 0.00 24.00 0.00 25.50 0.00 0.313564
4 36.00 0.00 31.50 0.00 18.00 0.00 22.50 0.00 0.127392
4 36.00 0.00 33.00 0.00 18.00 0.00 21.00 0.00 0.0400531
4 54.00 0.00 48.00 0.00 0.00 0.00 6.00 0.00 0.00346908
4 40.50 0.00 31.50 0.00 13.50 0.00 22.50 0.00 0.282966
4 34.50 0.00 33.00 0.00 19.50 0.00 21.00 0.00 0.0124468
4 36.00 0.00 30.00 0.00 18.00 0.00 24.00 0.00 0.315614
4 34.50 0.00 31.50 0.00 19.50 0.00 22.50 0.00 0.0721541
4 33.00 0.00 30.00 0.00 21.00 0.00 24.00 0.00 0.137183
4 33.00 0.00 31.50 0.00 21.00 0.00 22.50 0.00 0.0249016
4 49.50 0.00 45.00 0.00 4.50 0.00 9.00 0.00 0.0033264
4 51.00 0.00 45.00 0.00 3.00 0.00 9.00 0.00 0.00517477
4 45.00 0.00 40.50 0.00 9.00 0.00 13.50 0.00 0.00806763
4 54.00 0.00 45.00 0.00 0.00 0.00 9.00 0.00 0.00987137
4 40.50 0.00 36.00 0.00 13.50 0.00 18.00 0.00 0.032616
4 49.50 0.00 40.50 0.00 4.50 0.00 13.50 0.00 0.0217067
4 45.00 0.00 36.00 0.00 9.00 0.00 18.00 0.00 0.0725932
4 40.50 0.00 37.50 0.00 13.50 0.00 16.50 0.00 0.0110049
4 42.00 0.00 34.50 0.00 12.00 0.00 19.50 0.00 0.0931466
4 42.00 0.00 36.00 0.00 12.00 0.00 18.00 0.00 0.0469946
4 31.50 0.00 30.00 0.00 22.50 0.00 24.00 0.00 0.0463997
4 45.00 0.00 39.00 0.00 9.00 0.00 15.00 0.00 0.0184673
4 42.00 0.00 39.00 0.00 12.00 0.00 15.00 0.00 0.00689893
4 48.00 0.00 42.00 0.00 6.00 0.00 12.00 0.00 0.00856934
4 49.50 0.00 42.00 0.00 4.50 0.00 12.00 0.00 0.0121184
4 46.50 0.00 39.00 0.00 9.00 0.00 16.50 0.00 0.0324992
4 43.50 0.00 39.00 0.00 12.00 0.00 16.50 0.00 0.0171124
4 39.00 0.00 34.50 0.00 16.50 0.00 21.00 0.00 0.0617435
4 54.00 0.00 46.50 0.00 1.50 0.00 9.00 0.00 0.00672685
4 39.00 0.00 31.50 0.00 16.50 0.00 24.00 0.00 0.296558
4 30.00 0.00 28.50 0.00 25.50 0.00 27.00 0.00 1.16213
4 48.00 0.00 43.50 0.00 7.50 0.00 12.00 0.00 0.00452284
4 34.50 0.00 33.00 0.00 21.00 0.00 22.50 0.00 0.0165882
4 34.50 0.00 30.00 0.00 21.00 0.00 25.50 0.00 0.381666
4 33.00 0.00 31.50 0.00 22.50 0.00 24.00 0.00 0.0307364
4 31.50 0.00 30.00 0.00 24.00 0.00 25.50 0.00 0.110764
4 33.00 0.00 31.50 0.00 24.00 0.00 25.50 0.00 0.0621096
4 49.50 0.00 43.50 0.00 7.50 0.00 13.50 0.00 0.00999569
4 51.00 0.00 43.50 0.00 6.00 0.00 13.50 0.00 0.0135584
4 33.00 0.00 30.00 0.00 24.00 0.00 27.00 0.00 0.479141
4 31.50 0.00 30.00 0.00 25.50 0.00 27.00 0.00 0.219565
4 42.00 0.00 37.50 0.00 15.00 0.00 19.50 0.00 0.0333151
4 42.00 0.00 39.00 0.00 15.00 0.00 18.00 0.00 0.0116502
4 55.50 0.00 49.50 0.00 1.50 0.00 7.50 0.00 0.00353656
4 46.50 0.00 37.50 0.00 10.50 0.00 19.50 0.00 0.0804891
4 43.50 0.00 36.00 0.00 13.50 0.00 21.00 0.00 0.0966312
4 42.00 0.00 33.00 0.00 15.00 0.00 24.00 0.00 0.263999
4 43.50 0.00 37.50 0.00 13.50 0.00 19.50 0.00 0.0504309
4 40.50 0.00 34.50 0.00 16.50 0.00 22.50 0.00 0.111816
4 40.50 0.00 37.50 0.00 16.50 0.00 19.50 0.00 0.0187918
4 46.50 0.00 40.50 0.00 10.50 0.00 16.50 0.00 0.0218955
4 43.50 0.00 40.50 0.00 13.50 0.00 16.50 0.00 0.00799477
4 39.00 0.00 36.00 0.00 18.00 0.00 21.00 0.00 0.0266761
4 46.50 0.00 42.00 0.00 10.50 0.00 15.00 0.00 0.0103953
4 37.50 0.00 34.50 0.00 19.50 0.00 22.50 0.00 0.0395828
4 51.00 0.00 46.50 0.00 6.00 0.00 10.50 0.00 0.00328355
4 52.50 0.00 46.50 0.00 4.50 0.00 10.50 0.00 0.00545851
4 37.50 0.00 31.50 0.00 19.50 0.00 25.50 0.00 0.329073
4 55.50 0.00 46.50 0.00 1.50 0.00 10.50 0.00 0.010008
4 37.50 0.00 33.00 0.00 19.50 0.00 24.00 0.00 0.113449
4 36.00 0.00 33.00 0.00 21.00 0.00 24.00 0.00 0.0630098
4 36.00 0.00 34.50 0.00 21.00 0.00 22.50 0.00 0.0128935
4 51.00 0.00 42.00 0.00 6.00 0.00 15.00 0.00 0.0254977
4 34.50 0.00 31.50 0.00 22.50 0.00 25.50 0.00 0.148222
4 34.50 0.00 33.00 0.00 22.50 0.00 24.00 0.00 0.0194177
4 36.00 0.00 34.50 0.00 22.50 0.00 24.00 0.00 0.0142979
4 36.00 0.00 31.50 0.00 22.50 0.00 27.00 0.00 0.339726
4 34.50 0.00 33.00 0.00 24.00 0.00 25.50 0.00 0.0360684
4 33.00 0.00 31.50 0.00 25.50 0.00 27.00 0.00 0.0873408
4 55.50 0.00 48.00 0.00 3.00 0.00 10.50 0.00 0.00699024
4 31.50 0.00 30.00 0.00 27.00 0.00 28.50 0.00 1.16668
4 45.00 0.00 40.50 0.00 13.50 0.00 18.00 0.00 0.0189476
4 49.50 0.00 45.00 0.00 9.00 0.00 13.50 0.00 0.00645656
4 40.50 0.00 33.00 0.00 18.00 0.00 25.50 0.00 0.296774
4 40.50 0.00 36.00 0.00 18.00 0.00 22.50 0.00 0.0601821
4 48.00 0.00 40.50 0.00 10.50 0.00 18.00 0.00 0.0388943
4 39.00 0.00 33.00 0.00 21.00 0.00 27.00 0.00 0.294635
4 39.00 0.00 34.50 0.00 21.00 0.00 25.50 0.00 0.124745
4 39.00 0.00 36.00 0.00 21.00 0.00 24.00 0.00 0.0384805
4 37.50 0.00 34.50 0.00 22.50 0.00 25.50 0.00 0.0692096
4 48.00 0.00 42.00 0.00 12.00 0.00 18.00 0.00 0.0266648
4 37.50 0.00 36.00 0.00 22.50 0.00 24.00 0.00 0.0110258
4 60.00 0.00 52.50 0.00 0.00 0.00 7.50 0.00 0.0038168
4 48.00 0.00 43.50 0.00 12.00 0.00 16.50 0.00 0.011339
4 36.00 0.00 33.00 0.00 24.00 0.00 27.00 0.00 0.12633
4 36.00 0.00 34.50 0.00 24.00 0.00 25.50 0.00 0.0247947
4 45.00 0.00 42.00 0.00 15.00 0.00 18.00 0.00 0.00896286
4 45.00 0.00 37.50 0.00 15.00 0.00 22.50 0.00 0.0975121
4 45.00 0.00 39.00 0.00 15.00 0.00 21.00 0.00 0.0496279
4 57.00 0.00 51.00 0.00 3.00 0.00 9.00 0.00 0.00354465
4 34.50 0.00 31.50 0.00 25.50 0.00 28.50 0.00 0.484841
4 34.50 0.00 33.00 0.00 25.50 0.00 27.00 0.00 0.0403782
4 33.00 0.00 31.50 0.00 27.00 0.00 28.50 0.00 0.270482
4 52.50 0.00 43.50 0.00 7.50 0.00 16.50 0.00 0.028719
4 60.00 0.00 54.00 0.00 0.00 0.00 6.00 0.00 0.00219593
4 43.50 0.00 40.50 0.00 16.50 0.00 19.50 0.00 0.0130563
4 52.50 0.00 48.00 0.00 7.50 0.00 12.00 0.00 0.00388621
4 51.00 0.00 45.00 0.00 9.00 0.00 15.00 0.00 0.0125794
4 43.50 0.00 39.00 0.00 16.50 0.00 21.00 0.00 0.0333114
4 52.50 0.00 45.00 0.00 7.50 0.00 15.00 0.00 0.0170119
4 42.00 0.00 39.00 0.00 18.00 0.00 21.00 0.00 0.0163994
4 43.50 0.00 34.50 0.00 16.50 0.00 25.50 0.00 0.280994
4 54.00 0.00 48.00 0.00 6.00 0.00 12.00 0.00 0.00594855
4 57.00 0.00 48.00 0.00 3.00 0.00 12.00 0.00 0.0105912
4 42.00 0.00 36.00 0.00 18.00 0.00 24.00 0.00 0.10469
4 40.50 0.00 37.50 0.00 19.50 0.00 22.50 0.00 0.0260549
4 48.00 0.00 39.00 0.00 12.00 0.00 21.00 0.00 0.0845763
4 51.00 0.00 46.50 0.00 10.50 0.00 15.00 0.00 0.00745072
4 42.00 0.00 37.50 0.00 19.50 0.00 24.00 0.00 0.0559018
4 42.00 0.00 34.50 0.00 19.50 0.00 27.00 0.00 0.274983
4 33.00 0.00 31.50 0.00 28.50 0.00 30.00 0.00 1.80172
4 37.50 0.00 33.00 0.00 24.00 0.00 28.50 0.00 0.321832
4 46.50 0.00 42.00 0.00 15.00 0.00 19.50 0.00 0.0216538
4 37.50 0.00 36.00 0.00 24.00 0.00 25.50 0.00 0.0190628
4 49.50 0.00 42.00 0.00 12.00 0.00 19.50 0.00 0.0445258
4 36.00 0.00 34.50 0.00 25.50 0.00 27.00 0.00 0.0250414
4 57.00 0.00 49.50 0.00 4.50 0.00 12.00 0.00 0.00727661
4 34.50 0.00 33.00 0.00 27.00 0.00 28.50 0.00 0.087052
4 49.50 0.00 45.00 0.00 13.50 0.00 18.00 0.00 0.0145339
4 43.50 0.00 37.50 0.00 19.50 0.00 25.50 0.00 0.113123
4 43.50 0.00 40.50 0.00 19.50 0.00 22.50 0.00 0.0176562
4 42.00 0.00 39.00 0.00 21.00 0.00 24.00 0.00 0.0230935
4 36.00 0.00 33.00 0.00 27.00 0.00 30.00 0.00 0.538108
4 52.50 0.00 46.50 0.00 10.50 0.00 16.50 0.00 0.014426
4 61.50 0.00 54.00 0.00 1.50 0.00 9.00 0.00 0.00364693
4 63.00 0.00 54.00 0.00 0.00 0.00 9.00 0.00 0.00486085
4 54.00 0.00 45.00 0.00 9.00 0.00 18.00 0.00 0.0348751
4 54.00 0.00 46.50 0.00 9.00 0.00 16.50 0.00 0.0187878
4 40.50 0.00 36.00 0.00 22.50 0.00 27.00 0.00 0.115828
4 40.50 0.00 37.50 0.00 22.50 0.00 25.50 0.00 0.0426511
4 34.50 0.00 33.00 0.00 28.50 0.00 30.00 0.00 0.300901
4 40.50 0.00 34.50 0.00 22.50 0.00 28.50 0.00 0.285239
4 58.50 0.00 52.50 0.00 4.50 0.00 10.50 0.00 0.00357238
4 39.00 0.00 36.00 0.00 24.00 0.00 27.00 0.00 0.0671088
4 39.00 0.00 37.50 0.00 24.00 0.00 25.50 0.00 0.0154975
4 37.50 0.00 36.00 0.00 25.50 0.00 27.00 0.00 0.0181838
4 46.50 0.00 43.50 0.00 16.50 0.00 19.50 0.00 0.00957591
4 49.50 0.00 40.50 0.00 13.50 0.00 22.50 0.00 0.0899706
4 61.50 0.00 55.50 0.00 1.50 0.00 7.50 0.00 0.00200844
4 46.50 0.00 39.00 0.00 16.50 0.00 24.00 0.00 0.0969509
4 46.50 0.00 40.50 0.00 16.50 0.00 22.50 0.00 0.0520662
4 37.50 0.00 34.50 0.00 25.50 0.00 28.50 0.00 0.114541
4 54.00 0.00 49.50 0.00 9.00 0.00 13.50 0.00 0.00438566
4 36.00 0.00 34.50 0.00 27.00 0.00 28.50 0.00 0.044417
4 55.50 0.00 49.50 0.00 7.50 0.00 13.50 0.00 0.00673176
4 49.50 0.00 43.50 0.00 13.50 0.00 19.50 0.00 0.0287134
4 45.00 0.00 42.00 0.00 18.00 0.00 21.00 0.00 0.0126933
4 58.50 0.00 49.50 0.00 4.50 0.00 13.50 0.00 0.0117402
4 45.00 0.00 36.00 0.00 18.00 0.00 27.00 0.00 0.264876
4 45.00 0.00 40.50 0.00 18.00 0.00 22.50 0.00 0.0326102
4 51.00 0.00 43.50 0.00 13.50 0.00 21.00 0.00 0.0464427
4 39.00 0.00 34.50 0.00 25.50 0.00 30.00 0.00 0.3446
4 43.50 0.00 39.00 0.00 21.00 0.00 25.50 0.00 0.0614384
4 43.50 0.00 36.00 0.00 21.00 0.00 28.50 0.00 0.274194
4 58.50 0.00 51.00 0.00 6.00 0.00 13.50 0.00 0.00840871
4 36.00 0.00 34.50 0.00 28.50 0.00 30.00 0.00 0.106384
4 52.50 0.00 48.00 0.00 12.00 0.00 16.50 0.00 0.00868888
4 39.00 0.00 37.50 0.00 25.50 0.00 27.00 0.00 0.0142807
4 48.00 0.00 43.50 0.00 16.50 0.00 21.00 0.00 0.0227912
4 37.50 0.00 36.00 0.00 27.00 0.00 28.50 0.00 0.0272396
4 34.50 0.00 33.00 0.00 30.00 0.00 31.50 0.00 1.65767
4 54.00 0.00 48.00 0.00 12.00 0.00 18.00 0.00 0.0166575
4 36.00 0.00 34.50 0.00 30.00 0.00 31.50 0.00 0.2714
4 60.00 0.00 54.00 0.00 6.00 0.00 12.00 0.00 0.00346621
4 55.50 0.00 46.50 0.00 10.50 0.00 19.50 0.00 0.0377675
4 48.00 0.00 42.00 0.00 18.00 0.00 24.00 0.00 0.0535082
4 55.50 0.00 48.00 0.00 10.50 0.00 18.00 0.00 0.0220516
4 39.00 0.00 37.50 0.00 27.00 0.00 28.50 0.00 0.0205043
4 48.00 0.00 40.50 0.00 18.00 0.00 25.50 0.00 0.10483
4 55.50 0.00 51.00 0.00 10.50 0.00 15.00 0.00 0.00542441
4 46.50 0.00 42.00 0.00 19.50 0.00 24.00 0.00 0.0343627
4 46.50 0.00 43.50 0.00 19.50 0.00 22.50 0.00 0.0117031
4 45.00 0.00 42.00 0.00 21.00 0.00 24.00 0.00 0.0166578
4 46.50 0.00 37.50 0.00 19.50 0.00 28.50 0.00 0.264118
4 60.00 0.00 51.00 0.00 6.00 0.00 15.00 0.00 0.012703
4 63.00 0.00 55.50 0.00 3.00 0.00 10.50 0.00 0.0034618
4 42.00 0.00 36.00 0.00 24.00 0.00 30.00 0.00 0.305104
4 45.00 0.00 39.00 0.00 21.00 0.00 27.00 0.00 0.103425
4 57.00 0.00 51.00 0.00 9.00 0.00 15.00 0.00 0.00785947
4 51.00 0.00 45.00 0.00 15.00 0.00 21.00 0.00 0.0310752
4 51.00 0.00 46.50 0.00 15.00 0.00 19.50 0.00 0.0146984
4 64.50 0.00 55.50 0.00 1.50 0.00 10.50 0.00 0.00441408
4 39.00 0.00 36.00 0.00 27.00 0.00 30.00 0.00 0.136988
4 48.00 0.00 45.00 0.00 18.00 0.00 21.00 0.00 0.0103628
4 37.50 0.00 36.00 0.00 28.50 0.00 30.00 0.00 0.0535278
4 43.50 0.00 40.50 0.00 22.50 0.00 25.50 0.00 0.0271786
4 37.50 0.00 34.50 0.00 28.50 0.00 31.50 0.00 0.520317
4 63.00 0.00 57.00 0.00 3.00 0.00 9.00 0.00 0.00194937
4 42.00 0.00 39.00 0.00 24.00 0.00 27.00 0.00 0.0374788
4 42.00 0.00 37.50 0.00 24.00 0.00 28.50 0.00 0.111794
4 40.50 0.00 37.50 0.00 25.50 0.00 28.50 0.00 0.0589605
4 40.50 0.00 39.00 0.00 25.50 0.00 27.00 0.00 0.0102871
4 51.00 0.00 42.00 0.00 15.00 0.00 24.00 0.00 0.0931254
4 37.50 0.00 36.00 0.00 30.00 0.00 31.50 0.00 0.0898916
4 45.00 0.00 37.50 0.00 22.50 0.00 30.00 0.00 0.284956
4 40.50 0.00 39.00 0.00 27.00 0.00 28.50 0.00 0.0140488
4 36.00 0.00 34.50 0.00 31.50 0.00 33.00 0.00 1.68302
4 54.00 0.00 49.50 0.00 13.50 0.00 18.00 0.00 0.00943667
4 45.00 0.00 40.50 0.00 22.50 0.00 27.00 0.00 0.0562057
4 52.50 0.00 45.00 0.00 15.00 0.00 22.50 0.00 0.0505539
4 60.00 0.00 52.50 0.00 7.50 0.00 15.00 0.00 0.0085342
4 40.50 0.00 36.00 0.00 27.00 0.00 31.50 0.00 0.341318
4 67.50 0.00 60.00 0.00 0.00 0.00 7.50 0.00 0.00194132
4 49.50 0.00 45.00 0.00 18.00 0.00 22.50 0.00 0.0239425
4 39.00 0.00 37.50 0.00 28.50 0.00 30.00 0.00 0.0357261
4 61.50 0.00 52.50 0.00 7.50 0.00 16.50 0.00 0.0130079
4 58.50 0.00 52.50 0.00 10.50 0.00 16.50 0.00 0.00851063
4 49.50 0.00 46.50 0.00 19.50 0.00 22.50 0.00 0.011183
4 48.00 0.00 45.00 0.00 21.00 0.00 24.00 0.00 0.0136641
4 61.50 0.00 55.50 0.00 7.50 0.00 13.50 0.00 0.00357301
4 48.00 0.00 39.00 0.00 21.00 0.00 30.00 0.00 0.277029
4 43.50 0.00 40.50 0.00 25.50 0.00 28.50 0.00 0.0352661
4 42.00 0.00 40.50 0.00 27.00 0.00 28.50 0.00 0.0103776
4 52.50 0.00 43.50 0.00 16.50 0.00 25.50 0.00 0.101837
4 39.00 0.00 36.00 0.00 30.00 0.00 33.00 0.00 0.516811
4 39.00 0.00 37.50 0.00 30.00 0.00 31.50 0.00 0.0489937
4 64.50 0.00 57.00 0.00 4.50 0.00 12.00 0.00 0.00347088
4 66.00 0.00 57.00 0.00 3.00 0.00 12.00 0.00 0.00445923
4 37.50 0.00 36.00 0.00 31.50 0.00 33.00 0.00 0.271466
4 49.50 0.00 42.00 0.00 19.50 0.00 27.00 0.00 0.107774
4 49.50 0.00 43.50 0.00 19.50 0.00 25.50 0.00 0.0587948
4 48.00 0.00 43.50 0.00 21.00 0.00 25.50 0.00 0.0372909
4 55.50 0.00 49.50 0.00 13.50 0.00 19.50 0.00 0.0173785
4 43.50 0.00 37.50 0.00 25.50 0.00 31.50 0.00 0.29586
4 46.50 0.00 40.50 0.00 22.50 0.00 28.50 0.00 0.107256
4 43.50 0.00 39.00 0.00 25.50 0.00 30.00 0.00 0.113942
4 57.00 0.00 48.00 0.00 12.00 0.00 21.00 0.00 0.0394581
4 57.00 0.00 49.50 0.00 12.00 0.00 19.50 0.00 0.0231101
4 64.50 0.00 58.50 0.00 4.50 0.00 10.50 0.00 0.00173256
4 46.50 0.00 43.50 0.00 22.50 0.00 25.50 0.00 0.0207985
4 52.50 0.00 46.50 0.00 16.50 0.00 22.50 0.00 0.032961
4 52.50 0.00 48.00 0.00 16.50 0.00 21.00 0.00 0.015656
4 42.00 0.00 39.00 0.00 27.00 0.00 30.00 0.00 0.0636944
4 45.00 0.00 42.00 0.00 24.00 0.00 27.00 0.00 0.0262168
4 40.50 0.00 37.50 0.00 28.50 0.00 31.50 0.00 0.135978
4 40.50 0.00 39.00 0.00 28.50 0.00 30.00 0.00 0.0231966
4 57.00 0.00 52.50 0.00 12.00 0.00 16.50 0.00 0.0055884
4 46.50 0.00 42.00 0.00 24.00 0.00 28.50 0.00 0.0621143
4 42.00 0.00 40.50 0.00 28.50 0.00 30.00 0.00 0.0162299
4 42.00 0.00 37.50 0.00 28.50 0.00 33.00 0.00 0.354101
4 51.00 0.00 46.50 0.00 19.50 0.00 24.00 0.00 0.0223737
4 61.50 0.00 54.00 0.00 9.00 0.00 16.50 0.00 0.00910864
4 40.50 0.00 39.00 0.00 30.00 0.00 31.50 0.00 0.0283174
4 46.50 0.00 39.00 0.00 24.00 0.00 31.50 0.00 0.285473
4 39.00 0.00 37.50 0.00 31.50 0.00 33.00 0.00 0.106442
4 37.50 0.00 36.00 0.00 33.00 0.00 34.50 0.00 1.22942
4 69.00 0.00 61.50 0.00 1.50 0.00 9.00 0.00 0.00189124
4 55.50 0.00 51.00 0.00 15.00 0.00 19.50 0.00 0.0103483
4 54.00 0.00 46.50 0.00 16.50 0.00 24.00 0.00 0.0497778
4 54.00 0.00 48.00 0.00 18.00 0.00 24.00 0.00 0.0311544
4 54.00 0.00 49.50 0.00 18.00 0.00 22.50 0.00 0.015028
4 43.50 0.00 40.50 0.00 28.50 0.00 31.50 0.00 0.0662224
4 46.50 0.00 43.50 0.00 25.50 0.00 28.50 0.00 0.0240697
4 43.50 0.00 42.00 0.00 28.50 0.00 30.00 0.00 0.0153277
4 54.00 0.00 45.00 0.00 18.00 0.00 27.00 0.00 0.103869
4 58.50 0.00 49.50 0.00 13.50 0.00 22.50 0.00 0.0404045
4 51.00 0.00 48.00 0.00 21.00 0.00 24.00 0.00 0.00999296
4 60.00 0.00 54.00 0.00 12.00 0.00 18.00 0.00 0.00907254
4 58.50 0.00 51.00 0.00 13.50 0.00 21.00 0.00 0.0243105
4 51.00 0.00 45.00 0.00 21.00 0.00 27.00 0.00 0.060708
4 72.00 0.00 63.00 0.00 0.00 0.00 9.00 0.00 0.00220319
4 66.00 0.00 58.50 0.00 6.00 0.00 13.50 0.00 0.00345968
4 67.50 0.00 58.50 0.00 4.50 0.00 13.50 0.00 0.00433156
4 49.50 0.00 45.00 0.00 22.50 0.00 27.00 0.00 0.0408876
4 49.50 0.00 46.50 0.00 22.50 0.00 25.50 0.00 0.0149296
4 42.00 0.00 39.00 0.00 30.00 0.00 33.00 0.00 0.124053
4 49.50 0.00 40.50 0.00 22.50 0.00 31.50 0.00 0.285219
4 42.00 0.00 40.50 0.00 30.00 0.00 31.50 0.00 0.0183734
4 40.50 0.00 39.00 0.00 31.50 0.00 33.00 0.00 0.0494627
4 58.50 0.00 54.00 0.00 13.50 0.00 18.00 0.00 0.00636469
4 63.00 0.00 54.00 0.00 9.00 0.00 18.00 0.00 0.0143451
4 48.00 0.00 42.00 0.00 24.00 0.00 30.00 0.00 0.122479
4 48.00 0.00 45.00 0.00 24.00 0.00 27.00 0.00 0.022162
4 40.50 0.00 37.50 0.00 31.50 0.00 34.50 0.00 0.497958
4 39.00 0.00 37.50 0.00 33.00 0.00 34.50 0.00 0.256271
4 66.00 0.00 60.00 0.00 6.00 0.00 12.00 0.00 0.00195712
4 63.00 0.00 57.00 0.00 9.00 0.00 15.00 0.00 0.00398676
4 45.00 0.00 39.00 0.00 27.00 0.00 33.00 0.00 0.296242
4 45.00 0.00 40.50 0.00 27.00 0.00 31.50 0.00 0.114435
4 45.00 0.00 42.00 0.00 27.00 0.00 30.00 0.00 0.042079
4 51.00 0.00 43.50 0.00 21.00 0.00 28.50 0.00 0.105602
4 57.00 0.00 51.00 0.00 15.00 0.00 21.00 0.00 0.0178521
4 39.00 0.00 37.50 0.00 34.50 0.00 36.00 0.00 1.46467
4 57.00 0.00 52.50 0.00 16.50 0.00 21.00 0.00 0.00968202
4 55.50 0.00 48.00 0.00 18.00 0.00 25.50 0.00 0.0527514
4 52.50 0.00 48.00 0.00 21.00 0.00 25.50 0.00 0.0258765
4 43.50 0.00 42.00 0.00 30.00 0.00 31.50 0.00 0.0167043
4 43.50 0.00 39.00 0.00 30.00 0.00 34.50 0.00 0.317382
4 42.00 0.00 40.50 0.00 31.50 0.00 33.00 0.00 0.0280882
4 70.50 0.00 63.00 0.00 3.00 0.00 10.50 0.00 0.0017364
4 48.00 0.00 43.50 0.00 25.50 0.00 30.00 0.00 0.0643206
4 40.50 0.00 39.00 0.00 33.00 0.00 34.50 0.00 0.0861871
4 48.00 0.00 40.50 0.00 25.50 0.00 33.00 0.00 0.292073
4 63.00 0.00 55.50 0.00 10.50 0.00 18.00 0.00 0.00988525
4 49.50 0.00 46.50 0.00 25.50 0.00 28.50 0.00 0.0194253
4 42.00 0.00 39.00 0.00 33.00 0.00 36.00 0.00 0.484726
4 42.00 0.00 40.50 0.00 33.00 0.00 34.50 0.00 0.0386444
4 61.50 0.00 55.50 0.00 13.50 0.00 19.50 0.00 0.00880379
4 46.50 0.00 42.00 0.00 28.50 0.00 33.00 0.00 0.13032
4 46.50 0.00 43.50 0.00 28.50 0.00 31.50 0.00 0.0439918
4 40.50 0.00 39.00 0.00 34.50 0.00 36.00 0.00 0.273972
4 46.50 0.00 40.50 0.00 28.50 0.00 34.50 0.00 0.293799
4 58.50 0.00 52.50 0.00 16.50 0.00 22.50 0.00 0.0177009
4 64.50 0.00 55.50 0.00 10.50 0.00 19.50 0.00 0.014325
4 52.50 0.00 45.00 0.00 22.50 0.00 30.00 0.00 0.121701
4 64.50 0.00 58.50 0.00 10.50 0.00 16.50 0.00 0.00382416
4 73.50 0.00 64.50 0.00 1.50 0.00 10.50 0.00 0.00227504
4 55.50 0.00 51.00 0.00 19.50 0.00 24.00 0.00 0.0151169
4 55.50 0.00 46.50 0.00 19.50 0.00 28.50 0.00 0.101496
4 45.00 0.00 42.00 0.00 30.00 0.00 33.00 0.00 0.0665724
4 45.00 0.00 43.50 0.00 30.00 0.00 31.50 0.00 0.0108699
4 55.50 0.00 49.50 0.00 19.50 0.00 25.50 0.00 0.0328528
4 48.00 0.00 45.00 0.00 27.00 0.00 30.00 0.00 0.031928
4 75.00 0.00 67.50 0.00 0.00 0.00 7.50 0.00 0.00132914
4 52.50 0.00 46.50 0.00 22.50 0.00 28.50 0.00 0.0592865
4 52.50 0.00 49.50 0.00 22.50 0.00 25.50 0.00 0.0113732
4 67.50 0.00 61.50 0.00 7.50 0.00 13.50 0.00 0.00195974
4 67.50 0.00 60.00 0.00 7.50 0.00 15.00 0.00 0.0037408
4 51.00 0.00 48.00 0.00 24.00 0.00 27.00 0.00 0.0149516
4 43.50 0.00 40.50 0.00 31.50 0.00 34.50 0.00 0.118601
4 60.00 0.00 55.50 0.00 15.00 0.00 19.50 0.00 0.00592745
4 51.00 0.00 42.00 0.00 24.00 0.00 33.00 0.00 0.306149
4 43.50 0.00 42.00 0.00 31.50 0.00 33.00 0.00 0.0238813
4 69.00 0.00 60.00 0.00 6.00 0.00 15.00 0.00 0.00486333
4 60.00 0.00 51.00 0.00 15.00 0.00 24.00 0.00 0.0397356
4 60.00 0.00 52.50 0.00 15.00 0.00 22.50 0.00 0.0230277
4 49.50 0.00 43.50 0.00 25.50 0.00 31.50 0.00 0.12124
4 51.00 0.00 46.50 0.00 24.00 0.00 28.50 0.00 0.0390821
4 43.50 0.00 42.00 0.00 33.00 0.00 34.50 0.00 0.0284029
4 42.00 0.00 40.50 0.00 34.50 0.00 36.00 0.00 0.0852222
4 49.50 0.00 42.00 0.00 27.00 0.00 34.50 0.00 0.306447
4 40.50 0.00 39.00 0.00 36.00 0.00 37.50 0.00 1.5607
4 58.50 0.00 54.00 0.00 18.00 0.00 22.50 0.00 0.00968483
4 64.50 0.00 57.00 0.00 12.00 0.00 19.50 0.00 0.00986397
4 57.00 0.00 49.50 0.00 19.50 0.00 27.00 0.00 0.0497561
4 45.00 0.00 43.50 0.00 31.50 0.00 33.00 0.00 0.0151073
4 49.50 0.00 45.00 0.00 27.00 0.00 31.50 0.00 0.0737341
4 45.00 0.00 40.50 0.00 31.50 0.00 36.00 0.00 0.315127
4 72.00 0.00 64.50 0.00 4.50 0.00 12.00 0.00 0.00183943
4 54.00 0.00 49.50 0.00 22.50 0.00 27.00 0.00 0.0240236
4 49.50 0.00 46.50 0.00 28.50 0.00 31.50 0.00 0.0335448
4 45.00 0.00 42.00 0.00 33.00 0.00 36.00 0.00 0.123878
4 45.00 0.00 43.50 0.00 33.00 0.00 34.50 0.00 0.0171373
4 75.00 0.00 66.00 0.00 3.00 0.00 12.00 0.00 0.00228416
4 63.00 0.00 57.00 0.00 15.00 0.00 21.00 0.00 0.00859912
4 54.00 0.00 51.00 0.00 24.00 0.00 27.00 0.00 0.0115479
4 52.50 0.00 43.50 0.00 25.50 0.00 34.50 0.00 0.300183
4 61.50 0.00 54.00 0.00 16.50 0.00 24.00 0.00 0.0216962
4 66.00 0.00 60.00 0.00 12.00 0.00 18.00 0.00 0.00446937
4 52.50 0.00 49.50 0.00 25.50 0.00 28.50 0.00 0.0136821
4 61.50 0.00 57.00 0.00 16.50 0.00 21.00 0.00 0.00564826
4 43.50 0.00 40.50 0.00 34.50 0.00 37.50 0.00 0.469656
4 43.50 0.00 42.00 0.00 34.50 0.00 36.00 0.00 0.0512018
4 61.50 0.00 52.50 0.00 16.50 0.00 25.50 0.00 0.0392093
4 48.00 0.00 45.00 0.00 30.00 0.00 33.00 0.00 0.0484085
4 60.00 0.00 54.00 0.00 18.00 0.00 24.00 0.00 0.0158416
4 42.00 0.00 40.50 0.00 36.00 0.00 37.50 0.00 0.236356
4 69.00 0.00 61.50 0.00 9.00 0.00 16.50 0.00 0.00406913
4 57.00 0.00 48.00 0.00 21.00 0.00 30.00 0.00 0.106408
4 70.50 0.00 61.50 0.00 7.50 0.00 16.50 0.00 0.00506631
4 46.50 0.00 45.00 0.00 31.50 0.00 33.00 0.00 0.0155603
4 69.00 0.00 63.00 0.00 9.00 0.00 15.00 0.00 0.00213433
4 76.50 0.00 69.00 0.00 1.50 0.00 9.00 0.00 0.00130525
4 54.00 0.00 46.50 0.00 24.00 0.00 31.50 0.00 0.122275
4 54.00 0.00 48.00 0.00 24.00 0.00 30.00 0.00 0.0649818
4 48.00 0.00 42.00 0.00 30.00 0.00 36.00 0.00 0.313782
4 52.50 0.00 48.00 0.00 25.50 0.00 30.00 0.00 0.0415558
4 48.00 0.00 43.50 0.00 30.00 0.00 34.50 0.00 0.121668
4 51.00 0.00 48.00 0.00 27.00 0.00 30.00 0.00 0.0219881
4 46.50 0.00 43.50 0.00 31.50 0.00 34.50 0.00 0.0650961
4 57.00 0.00 51.00 0.00 21.00 0.00 27.00 0.00 0.0323118
4 57.00 0.00 52.50 0.00 21.00 0.00 25.50 0.00 0.0154198
4 66.00 0.00 57.00 0.00 12.00 0.00 21.00 0.00 0.0141747
4 51.00 0.00 45.00 0.00 27.00 0.00 33.00 0.00 0.134167
4 58.50 0.00 51.00 0.00 21.00 0.00 28.50 0.00 0.0508101
4 51.00 0.00 46.50 0.00 28.50 0.00 33.00 0.00 0.0745979
4 46.50 0.00 42.00 0.00 33.00 0.00 37.50 0.00 0.344064
4 45.00 0.00 43.50 0.00 34.50 0.00 36.00 0.00 0.0278851
4 66.00 0.00 58.50 0.00 13.50 0.00 21.00 0.00 0.0089941
4 55.50 0.00 51.00 0.00 24.00 0.00 28.50 0.00 0.0250514
4 51.00 0.00 43.50 0.00 28.50 0.00 36.00 0.00 0.315415
4 60.00 0.00 55.50 0.00 19.50 0.00 24.00 0.00 0.00831638
4 43.50 0.00 42.00 0.00 36.00 0.00 37.50 0.00 0.0974932
4 42.00 0.00 40.50 0.00 37.50 0.00 39.00 0.00 1.38611
4 46.50 0.00 45.00 0.00 33.00 0.00 34.50 0.00 0.0170402
4 73.50 0.00 66.00 0.00 6.00 0.00 13.50 0.00 0.00208185
4 46.50 0.00 45.00 0.00 34.50 0.00 36.00 0.00 0.026032
4 55.50 0.00 48.00 0.00 25.50 0.00 33.00 0.00 0.122661
4 55.50 0.00 49.50 0.00 25.50 0.00 31.50 0.00 0.0619804
4 81.00 0.00 72.00 0.00 0.00 0.00 9.00 0.00 0.00156415
4 54.00 0.00 49.50 0.00 27.00 0.00 31.50 0.00 0.0419464
4 54.00 0.00 51.00 0.00 27.00 0.00 30.00 0.00 0.0165646
4 70.50 0.00 63.00 0.00 10.50 0.00 18.00 0.00 0.00430049
4 54.00 0.00 45.00 0.00 27.00 0.00 36.00 0.00 0.328258
4 76.50 0.00 67.50 0.00 4.50 0.00 13.50 0.00 0.00267917
4 58.50 0.00 52.50 0.00 22.50 0.00 28.50 0.00 0.030515
4 49.50 0.00 43.50 0.00 31.50 0.00 37.50 0.00 0.321371
4 58.50 0.00 54.00 0.00 22.50 0.00 27.00 0.00 0.0147317
4 52.50 0.00 46.50 0.00 28.50 0.00 34.50 0.00 0.133424
4 70.50 0.00 64.50 0.00 10.50 0.00 16.50 0.00 0.00237032
4 52.50 0.00 49.50 0.00 28.50 0.00 31.50 0.00 0.0229387
4 72.00 0.00 63.00 0.00 9.00 0.00 18.00 0.00 0.00550241
4 46.50 0.00 43.50 0.00 34.50 0.00 37.50 0.00 0.133302
4 55.50 0.00 52.50 0.00 25.50 0.00 28.50 0.00 0.00968826
4 45.00 0.00 42.00 0.00 36.00 0.00 39.00 0.00 0.523103
4 45.00 0.00 43.50 0.00 36.00 0.00 37.50 0.00 0.0434441
4 64.50 0.00 58.50 0.00 16.50 0.00 22.50 0.00 0.00755024
4 67.50 0.00 58.50 0.00 13.50 0.00 22.50 0.00 0.0128844
4 63.00 0.00 58.50 0.00 18.00 0.00 22.50 0.00 0.00484533
4 51.00 0.00 48.00 0.00 30.00 0.00 33.00 0.00 0.0318716
4 63.00 0.00 54.00 0.00 18.00 0.00 27.00 0.00 0.0362156
4 63.00 0.00 55.50 0.00 18.00 0.00 25.50 0.00 0.0213125
4 49.50 0.00 46.50 0.00 31.50 0.00 34.50 0.00 0.0459281
4 61.50 0.00 55.50 0.00 19.50 0.00 25.50 0.00 0.015694
4 78.00 0.00 70.50 0.00 3.00 0.00 10.50 0.00 0.00140679
4 49.50 0.00 45.00 0.00 31.50 0.00 36.00 0.00 0.139513
4 43.50 0.00 42.00 0.00 37.50 0.00 39.00 0.00 0.288709
4 58.50 0.00 49.50 0.00 22.50 0.00 31.50 0.00 0.105111
4 48.00 0.00 45.00 0.00 33.00 0.00 36.00 0.00 0.0747361
4 48.00 0.00 46.50 0.00 33.00 0.00 34.50 0.00 0.01255
4 67.50 0.00 61.50 0.00 13.50 0.00 19.50 0.00 0.00428175
4 61.50 0.00 57.00 0.00 21.00 0.00 25.50 0.00 0.00850976
4 57.00 0.00 52.50 0.00 25.50 0.00 30.00 0.00 0.0235375
4 43.50 0.00 42.00 0.00 39.00 0.00 40.50 0.00 1.2991
4 48.00 0.00 46.50 0.00 34.50 0.00 36.00 0.00 0.0190745
4 67.50 0.00 60.00 0.00 15.00 0.00 22.50 0.00 0.00886462
4 46.50 0.00 45.00 0.00 36.00 0.00 37.50 0.00 0.0357744
4 48.00 0.00 43.50 0.00 34.50 0.00 39.00 0.00 0.366937
4 60.00 0.00 52.50 0.00 22.50 0.00 30.00 0.00 0.0490366
4 52.50 0.00 45.00 0.00 30.00 0.00 37.50 0.00 0.338147
4 75.00 0.00 67.50 0.00 7.50 0.00 15.00 0.00 0.00232198
4 52.50 0.00 48.00 0.00 30.00 0.00 34.50 0.00 0.0724294
4 45.00 0.00 43.50 0.00 37.50 0.00 39.00 0.00 0.0932991
4 73.50 0.00 64.50 0.00 10.50 0.00 19.50 0.00 0.00621277
4 52.50 0.00 49.50 0.00 31.50 0.00 34.50 0.00 0.0311711
4 45.00 0.00 43.50 0.00 39.00 0.00 40.50 0.00 0.225681
4 60.00 0.00 51.00 0.00 24.00 0.00 33.00 0.00 0.107322
4 64.50 0.00 55.50 0.00 19.50 0.00 28.50 0.00 0.0329564
4 64.50 0.00 57.00 0.00 19.50 0.00 27.00 0.00 0.019072
4 51.00 0.00 45.00 0.00 33.00 0.00 39.00 0.00 0.356606
4 51.00 0.00 46.50 0.00 33.00 0.00 37.50 0.00 0.133232
4 51.00 0.00 48.00 0.00 33.00 0.00 36.00 0.00 0.0460285
4 82.50 0.00 73.50 0.00 1.50 0.00 10.50 0.00 0.00155059
4 63.00 0.00 57.00 0.00 21.00 0.00 27.00 0.00 0.0144904
4 49.50 0.00 48.00 0.00 34.50 0.00 36.00 0.00 0.0159197
4 69.00 0.00 63.00 0.00 15.00 0.00 21.00 0.00 0.00411093
4 78.00 0.00 69.00 0.00 6.00 0.00 15.00 0.00 0.00294343
4 49.50 0.00 46.50 0.00 34.50 0.00 37.50 0.00 0.0771388
4 69.00 0.00 60.00 0.00 15.00 0.00 24.00 0.00 0.0126578
4 48.00 0.00 45.00 0.00 36.00 0.00 39.00 0.00 0.156984
4 48.00 0.00 46.50 0.00 36.00 0.00 37.50 0.00 0.0228613
4 57.00 0.00 51.00 0.00 27.00 0.00 33.00 0.00 0.0658847
4 60.00 0.00 55.50 0.00 24.00 0.00 28.50 0.00 0.0133819
4 57.00 0.00 54.00 0.00 27.00 0.00 30.00 0.00 0.0107991
4 55.50 0.00 52.50 0.00 28.50 0.00 31.50 0.00 0.0158494
4 57.00 0.00 49.50 0.00 27.00 0.00 34.50 0.00 0.119006
4 46.50 0.00 45.00 0.00 37.50 0.00 39.00 0.00 0.0621302
4 66.00 0.00 60.00 0.00 18.00 0.00 24.00 0.00 0.00716163
4 55.50 0.00 51.00 0.00 28.50 0.00 33.00 0.00 0.0454152
4 64.50 0.00 60.00 0.00 19.50 0.00 24.00 0.00 0.00449536
4 55.50 0.00 46.50 0.00 28.50 0.00 37.50 0.00 0.328425
4 72.00 0.00 64.50 0.00 12.00 0.00 19.50 0.00 0.0047412
4 54.00 0.00 51.00 0.00 30.00 0.00 33.00 0.00 0.0235631
4 79.50 0.00 72.00 0.00 4.50 0.00 12.00 0.00 0.0014079
4 54.00 0.00 48.00 0.00 30.00 0.00 36.00 0.00 0.134481
4 60.00 0.00 54.00 0.00 24.00 0.00 30.00 0.00 0.0307219
4 46.50 0.00 43.50 0.00 37.50 0.00 40.50 0.00 0.490003
4 72.00 0.00 66.00 0.00 12.00 0.00 18.00 0.00 0.00264128
4 61.50 0.00 54.00 0.00 24.00 0.00 31.50 0.00 0.0469072
4 54.00 0.00 49.50 0.00 31.50 0.00 36.00 0.00 0.0730566
4 54.00 0.00 46.50 0.00 31.50 0.00 39.00 0.00 0.345124
4 45.00 0.00 43.50 0.00 40.50 0.00 42.00 0.00 1.11647
4 63.00 0.00 58.50 0.00 22.50 0.00 27.00 0.00 0.00710378
4 76.50 0.00 69.00 0.00 9.00 0.00 16.50 0.00 0.00258238
4 49.50 0.00 48.00 0.00 36.00 0.00 37.50 0.00 0.0194118
4 69.00 0.00 61.50 0.00 16.50 0.00 24.00 0.00 0.00857664
4 58.50 0.00 54.00 0.00 27.00 0.00 31.50 0.00 0.024156
4 49.50 0.00 45.00 0.00 36.00 0.00 40.50 0.00 0.40001
4 48.00 0.00 46.50 0.00 37.50 0.00 39.00 0.00 0.0362896
4 46.50 0.00 45.00 0.00 39.00 0.00 40.50 0.00 0.109012
4 66.00 0.00 57.00 0.00 21.00 0.00 30.00 0.00 0.0323977
4 46.50 0.00 45.00 0.00 40.50 0.00 42.00 0.00 0.272375
4 57.00 0.00 52.50 0.00 30.00 0.00 34.50 0.00 0.0395059
4 57.00 0.00 54.00 0.00 30.00 0.00 33.00 0.00 0.0149949
4 57.00 0.00 48.00 0.00 30.00 0.00 39.00 0.00 0.334101
4 55.50 0.00 49.50 0.00 31.50 0.00 37.50 0.00 0.133357
4 84.00 0.00 75.00 0.00 3.00 0.00 12.00 0.00 0.00152653
4 61.50 0.00 57.00 0.00 25.50 0.00 30.00 0.00 0.0126569
4 55.50 0.00 52.50 0.00 31.50 0.00 34.50 0.00 0.0211973
4 54.00 0.00 51.00 0.00 33.00 0.00 36.00 0.00 0.0330966
4 61.50 0.00 52.50 0.00 25.50 0.00 34.50 0.00 0.0962625
4 61.50 0.00 55.50 0.00 25.50 0.00 31.50 0.00 0.0274985
4 75.00 0.00 66.00 0.00 12.00 0.00 21.00 0.00 0.00633449
4 66.00 0.00 58.50 0.00 21.00 0.00 28.50 0.00 0.016653
4 52.50 0.00 49.50 0.00 34.50 0.00 37.50 0.00 0.0488962
4 73.50 0.00 66.00 0.00 13.50 0.00 21.00 0.00 0.00491272
4 64.50 0.00 58.50 0.00 22.50 0.00 28.50 0.00 0.0120712
4 52.50 0.00 46.50 0.00 34.50 0.00 40.50 0.00 0.355839
4 52.50 0.00 48.00 0.00 34.50 0.00 39.00 0.00 0.147991
4 73.50 0.00 67.50 0.00 13.50 0.00 19.50 0.00 0.00300582
4 51.00 0.00 48.00 0.00 36.00 0.00 39.00 0.00 0.0788999
4 51.00 0.00 49.50 0.00 36.00 0.00 37.50 0.00 0.0134329
4 70.50 0.00 61.50 0.00 16.50 0.00 25.50 0.00 0.0128003
4 70.50 0.00 64.50 0.00 16.50 0.00 22.50 0.00 0.00421748
4 49.50 0.00 48.00 0.00 37.50 0.00 39.00 0.00 0.0277286
4 58.50 0.00 55.50 0.00 28.50 0.00 31.50 0.00 0.011062
4 49.50 0.00 46.50 0.00 37.50 0.00 40.50 0.00 0.15102
4 58.50 0.00 51.00 0.00 28.50 0.00 36.00 0.00 0.125472
4 58.50 0.00 52.50 0.00 28.50 0.00 34.50 0.00 0.062441
4 48.00 0.00 46.50 0.00 39.00 0.00 40.50 0.00 0.051658
4 81.00 0.00 73.50 0.00 6.00 0.00 13.50 0.00 0.00143041
4 67.50 0.00 61.50 0.00 19.50 0.00 25.50 0.00 0.00701724
4 79.50 0.00 70.50 0.00 7.50 0.00 16.50 0.00 0.00317218
4 48.00 0.00 45.00 0.00 39.00 0.00 42.00 0.00 0.529554
4 66.00 0.00 61.50 0.00 21.00 0.00 25.50 0.00 0.00474776
4 49.50 0.00 48.00 0.00 39.00 0.00 40.50 0.00 0.0354748
4 78.00 0.00 70.50 0.00 10.50 0.00 18.00 0.00 0.00317575
4 48.00 0.00 46.50 0.00 40.50 0.00 42.00 0.00 0.0966799
4 46.50 0.00 45.00 0.00 42.00 0.00 43.50 0.00 1.64587
4 64.50 0.00 60.00 0.00 24.00 0.00 28.50 0.00 0.00673208
4 63.00 0.00 55.50 0.00 25.50 0.00 33.00 0.00 0.0441488
4 55.50 0.00 48.00 0.00 33.00 0.00 40.50 0.00 0.345087
4 55.50 0.00 51.00 0.00 33.00 0.00 37.50 0.00 0.0753055
4 60.00 0.00 55.50 0.00 28.50 0.00 33.00 0.00 0.0234437
4 51.00 0.00 49.50 0.00 37.50 0.00 39.00 0.00 0.0184711
4 70.50 0.00 63.00 0.00 18.00 0.00 25.50 0.00 0.00817386
4 51.00 0.00 46.50 0.00 37.50 0.00 42.00 0.00 0.374501
4 52.50 0.00 51.00 0.00 37.50 0.00 39.00 0.00 0.0178755
4 72.00 0.00 63.00 0.00 18.00 0.00 27.00 0.00 0.0117589
4 82.50 0.00 75.00 0.00 7.50 0.00 15.00 0.00 0.00165866
4 72.00 0.00 66.00 0.00 18.00 0.00 24.00 0.00 0.00396051
4 66.00 0.00 60.00 0.00 24.00 0.00 30.00 0.00 0.0121214
4 76.50 0.00 67.50 0.00 13.50 0.00 22.50 0.00 0.00670191
4 51.00 0.00 48.00 0.00 39.00 0.00 42.00 0.00 0.143752
4 51.00 0.00 49.50 0.00 39.00 0.00 40.50 0.00 0.0221511
4 60.00 0.00 57.00 0.00 30.00 0.00 33.00 0.00 0.00990065
4 60.00 0.00 52.50 0.00 30.00 0.00 37.50 0.00 0.115169
4 69.00 0.00 63.00 0.00 21.00 0.00 27.00 0.00 0.00636431
4 60.00 0.00 54.00 0.00 30.00 0.00 36.00 0.00 0.0587457
4 49.50 0.00 46.50 0.00 40.50 0.00 43.50 0.00 0.537519
4 49.50 0.00 48.00 0.00 40.50 0.00 42.00 0.00 0.0551984
4 67.50 0.00 58.50 0.00 22.50 0.00 31.50 0.00 0.0282149
4 48.00 0.00 46.50 0.00 42.00 0.00 43.50 0.00 0.271614
4 85.50 0.00 76.50 0.00 4.50 0.00 13.50 0.00 0.00162076
4 67.50 0.00 63.00 0.00 22.50 0.00 27.00 0.00 0.00390604
4 58.50 0.00 55.50 0.00 31.50 0.00 34.50 0.00 0.0144843
4 75.00 0.00 67.50 0.00 15.00 0.00 22.50 0.00 0.00514602
4 58.50 0.00 54.00 0.00 31.50 0.00 36.00 0.00 0.0407735
4 75.00 0.00 69.00 0.00 15.00 0.00 21.00 0.00 0.00300145
4 81.00 0.00 72.00 0.00 9.00 0.00 18.00 0.00 0.00346544
4 57.00 0.00 54.00 0.00 33.00 0.00 36.00 0.00 0.0205808
4 58.50 0.00 49.50 0.00 31.50 0.00 40.50 0.00 0.329598
4 57.00 0.00 51.00 0.00 33.00 0.00 39.00 0.00 0.139005
4 63.00 0.00 57.00 0.00 27.00 0.00 33.00 0.00 0.0274212
4 63.00 0.00 58.50 0.00 27.00 0.00 31.50 0.00 0.0113928
4 55.50 0.00 52.50 0.00 34.50 0.00 37.50 0.00 0.0321974
4 63.00 0.00 54.00 0.00 27.00 0.00 36.00 0.00 0.0947552
4 90.00 0.00 81.00 0.00 0.00 0.00 9.00 0.00 0.001282
4 67.50 0.00 60.00 0.00 22.50 0.00 30.00 0.00 0.0163023
4 54.00 0.00 48.00 0.00 36.00 0.00 42.00 0.00 0.356928
4 54.00 0.00 49.50 0.00 36.00 0.00 40.50 0.00 0.142439
4 54.00 0.00 51.00 0.00 36.00 0.00 39.00 0.00 0.0533012
4 52.50 0.00 49.50 0.00 37.50 0.00 40.50 0.00 0.0790681
4 48.00 0.00 46.50 0.00 43.50 0.00 45.00 0.00 1.17392
4 52.50 0.00 48.00 0.00 39.00 0.00 43.50 0.00 0.401972
4 66.00 0.00 61.50 0.00 25.50 0.00 30.00 0.00 0.00652681
4 61.50 0.00 57.00 0.00 30.00 0.00 34.50 0.00 0.020445
4 52.50 0.00 51.00 0.00 39.00 0.00 40.50 0.00 0.0209402
4 72.00 0.00 64.50 0.00 19.50 0.00 27.00 0.00 0.00814465
4 51.00 0.00 49.50 0.00 40.50 0.00 42.00 0.00 0.0312309
4 49.50 0.00 48.00 0.00 42.00 0.00 43.50 0.00 0.113438
4 79.50 0.00 72.00 0.00 12.00 0.00 19.50 0.00 0.00322412
4 64.50 0.00 57.00 0.00 27.00 0.00 34.50 0.00 0.0405107
4 57.00 0.00 52.50 0.00 34.50 0.00 39.00 0.00 0.0742938
4 57.00 0.00 49.50 0.00 34.50 0.00 42.00 0.00 0.33997
4 58.50 0.00 52.50 0.00 34.50 0.00 40.50 0.00 0.134942
4 64.50 0.00 58.50 0.00 28.50 0.00 34.50 0.00 0.0228442
4 58.50 0.00 55.50 0.00 34.50 0.00 37.50 0.00 0.0216234
4 57.00 0.00 54.00 0.00 36.00 0.00 39.00 0.00 0.0321136
4 64.50 0.00 55.50 0.00 28.50 0.00 37.50 0.00 0.0885042
4 51.00 0.00 48.00 0.00 42.00 0.00 45.00 0.00 0.483338
4 55.50 0.00 51.00 0.00 37.50 0.00 42.00 0.00 0.14843
4 55.50 0.00 52.50 0.00 37.50 0.00 40.50 0.00 0.0491737
4 82.50 0.00 73.50 0.00 10.50 0.00 19.50 0.00 0.00368925
4 49.50 0.00 48.00 0.00 43.50 0.00 45.00 0.00 0.233336
4 69.00 0.00 60.00 0.00 24.00 0.00 33.00 0.00 0.0278571
4 69.00 0.00 61.50 0.00 24.00 0.00 31.50 0.00 0.0158188
4 55.50 0.00 49.50 0.00 37.50 0.00 43.50 0.00 0.366189
4 73.50 0.00 67.50 0.00 19.50 0.00 25.50 0.00 0.00451083
4 67.50 0.00 61.50 0.00 25.50 0.00 31.50 0.00 0.0112185
4 54.00 0.00 51.00 0.00 39.00 0.00 42.00 0.00 0.0811874
4 54.00 0.00 52.50 0.00 39.00 0.00 40.50 0.00 0.0144643
4 73.50 0.00 64.50 0.00 19.50 0.00 28.50 0.00 0.0119478
4 52.50 0.00 51.00 0.00 40.50 0.00 42.00 0.00 0.0271965
4 61.50 0.00 58.50 0.00 31.50 0.00 34.50 0.00 0.00771039
4 61.50 0.00 54.00 0.00 31.50 0.00 39.00 0.00 0.112463
4 61.50 0.00 55.50 0.00 31.50 0.00 37.50 0.00 0.0550602
4 52.50 0.00 49.50 0.00 40.50 0.00 43.50 0.00 0.155244
4 60.00 0.00 55.50 0.00 33.00 0.00 37.50 0.00 0.0373151
4 51.00 0.00 49.50 0.00 42.00 0.00 43.50 0.00 0.0540086
4 60.00 0.00 57.00 0.00 33.00 0.00 36.00 0.00 0.0133657
4 70.50 0.00 64.50 0.00 22.50 0.00 28.50 0.00 0.00620219
4 84.00 0.00 76.50 0.00 9.00 0.00 16.50 0.00 0.0017078
4 60.00 0.00 51.00 0.00 33.00 0.00 42.00 0.00 0.329444
4 64.50 0.00 60.00 0.00 28.50 0.00 33.00 0.00 0.0110668
4 69.00 0.00 64.50 0.00 24.00 0.00 28.50 0.00 0.00404618
4 78.00 0.00 69.00 0.00 15.00 0.00 24.00 0.00 0.00679196
4 76.50 0.00 69.00 0.00 16.50 0.00 24.00 0.00 0.00506428
4 87.00 0.00 78.00 0.00 6.00 0.00 15.00 0.00 0.00172609
4 76.50 0.00 70.50 0.00 16.50 0.00 22.50 0.00 0.00310657
4 91.50 0.00 82.50 0.00 1.50 0.00 10.50 0.00 0.00124613
4 66.00 0.00 58.50 0.00 28.50 0.00 36.00 0.00 0.0363007
4 54.00 0.00 49.50 0.00 40.50 0.00 45.00 0.00 0.37575
4 58.50 0.00 54.00 0.00 36.00 0.00 40.50 0.00 0.0734858
4 58.50 0.00 51.00 0.00 36.00 0.00 43.50 0.00 0.366482
4 81.00 0.00 73.50 0.00 13.50 0.00 21.00 0.00 0.00307975
4 51.00 0.00 49.50 0.00 43.50 0.00 45.00 0.00 0.0828683
4 54.00 0.00 52.50 0.00 40.50 0.00 42.00 0.00 0.0187115
4 73.50 0.00 66.00 0.00 21.00 0.00 28.50 0.00 0.00802805
4 67.50 0.00 63.00 0.00 27.00 0.00 31.50 0.00 0.0057534
4 49.50 0.00 48.00 0.00 45.00 0.00 46.50 0.00 1.4566
4 63.00 0.00 58.50 0.00 31.50 0.00 36.00 0.00 0.0182363
4 52.50 0.00 51.00 0.00 42.00 0.00 43.50 0.00 0.0430373
4 63.00 0.00 55.50 0.00 33.00 0.00 40.50 0.00 0.10537
4 84.00 0.00 75.00 0.00 12.00 0.00 21.00 0.00 0.00372853
4 61.50 0.00 57.00 0.00 34.50 0.00 39.00 0.00 0.0368538
4 61.50 0.00 58.50 0.00 34.50 0.00 37.50 0.00 0.0112551
4 60.00 0.00 57.00 0.00 36.00 0.00 39.00 0.00 0.020587
4 61.50 0.00 52.50 0.00 34.50 0.00 43.50 0.00 0.322522
4 75.00 0.00 66.00 0.00 21.00 0.00 30.00 0.00 0.0120239
4 79.50 0.00 70.50 0.00 16.50 0.00 25.50 0.00 0.0070631
4 57.00 0.00 51.00 0.00 39.00 0.00 45.00 0.00 0.370261
4 60.00 0.00 54.00 0.00 36.00 0.00 42.00 0.00 0.12784
4 66.00 0.00 60.00 0.00 30.00 0.00 36.00 0.00 0.0218039
4 66.00 0.00 61.50 0.00 30.00 0.00 34.50 0.00 0.00997687
4 78.00 0.00 70.50 0.00 18.00 0.00 25.50 0.00 0.00546998
4 85.50 0.00 78.00 0.00 10.50 0.00 18.00 0.00 0.00180751
4 78.00 0.00 72.00 0.00 18.00 0.00 24.00 0.00 0.00304903
4 54.00 0.00 51.00 0.00 42.00 0.00 45.00 0.00 0.161689
4 63.00 0.00 60.00 0.00 33.00 0.00 36.00 0.00 0.00787227
4 52.50 0.00 51.00 0.00 43.50 0.00 45.00 0.00 0.0566799
4 72.00 0.00 66.00 0.00 24.00 0.00 30.00 0.00 0.00646139
4 75.00 0.00 69.00 0.00 21.00 0.00 27.00 0.00 0.00419975
4 58.50 0.00 55.50 0.00 37.50 0.00 40.50 0.00 0.0321052
4 88.50 0.00 79.50 0.00 7.50 0.00 16.50 0.00 0.00196298
4 52.50 0.00 49.50 0.00 43.50 0.00 46.50 0.00 0.486404
4 57.00 0.00 54.00 0.00 39.00 0.00 42.00 0.00 0.0462567
4 66.00 0.00 57.00 0.00 30.00 0.00 39.00 0.00 0.0840937
4 70.50 0.00 63.00 0.00 25.50 0.00 33.00 0.00 0.0144999
4 57.00 0.00 52.50 0.00 39.00 0.00 43.50 0.00 0.144717
4 70.50 0.00 66.00 0.00 25.50 0.00 30.00 0.00 0.00377492
4 55.50 0.00 52.50 0.00 40.50 0.00 43.50 0.00 0.0828875
4 55.50 0.00 54.00 0.00 40.50 0.00 42.00 0.00 0.0148206
4 70.50 0.00 61.50 0.00 25.50 0.00 34.50 0.00 0.0257074
4 69.00 0.00 63.00 0.00 27.00 0.00 33.00 0.00 0.0106332
4 51.00 0.00 49.50 0.00 45.00 0.00 46.50 0.00 0.236024
4 93.00 0.00 84.00 0.00 3.00 0.00 12.00 0.00 0.00159414
4 63.00 0.00 57.00 0.00 33.00 0.00 39.00 0.00 0.0535922
4 54.00 0.00 52.50 0.00 42.00 0.00 43.50 0.00 0.0278151
4 52.50 0.00 51.00 0.00 45.00 0.00 46.50 0.00 0.110875
4 60.00 0.00 52.50 0.00 37.50 0.00 45.00 0.00 0.343323
4 69.00 0.00 64.50 0.00 28.50 0.00 33.00 0.00 0.00626217
4 51.00 0.00 49.50 0.00 46.50 0.00 48.00 0.00 1.7411
4 75.00 0.00 67.50 0.00 22.50 0.00 30.00 0.00 0.00856593
4 67.50 0.00 60.00 0.00 30.00 0.00 37.50 0.00 0.033772
4 60.00 0.00 55.50 0.00 37.50 0.00 42.00 0.00 0.0683594
4 55.50 0.00 51.00 0.00 42.00 0.00 46.50 0.00 0.41542
4 64.50 0.00 60.00 0.00 33.00 0.00 37.50 0.00 0.0167201
4 54.00 0.00 52.50 0.00 43.50 0.00 45.00 0.00 0.034147
4 82.50 0.00 75.00 0.00 15.00 0.00 22.50 0.00 0.00323964
4 55.50 0.00 54.00 0.00 42.00 0.00 43.50 0.00 0.0215885
4 87.00 0.00 79.50 0.00 12.00 0.00 19.50 0.00 0.00211834
4 72.00 0.00 67.50 0.00 27.00 0.00 31.50 0.00 0.00411977
4 58.50 0.00 55.50 0.00 40.50 0.00 43.50 0.00 0.0514619
4 57.00 0.00 55.50 0.00 42.00 0.00 43.50 0.00 0.0159309
4 72.00 0.00 63.00 0.00 27.00 0.00 36.00 0.00 0.0248482
4 67.50 0.00 58.50 0.00 31.50 0.00 40.50 0.00 0.0729384
4 72.00 0.00 64.50 0.00 27.00 0.00 34.50 0.00 0.0150403
4 54.00 0.00 51.00 0.00 45.00 0.00 48.00 0.00 0.518311
4 54.00 0.00 52.50 0.00 45.00 0.00 46.50 0.00 0.0569707
4 70.50 0.00 64.50 0.00 28.50 0.00 34.50 0.00 0.0107645
4 52.50 0.00 51.00 0.00 46.50 0.00 48.00 0.00 0.25945
4 64.50 0.00 57.00 0.00 34.50 0.00 42.00 0.00 0.0984334
4 64.50 0.00 58.50 0.00 34.50 0.00 40.50 0.00 0.0454429
4 63.00 0.00 58.50 0.00 36.00 0.00 40.50 0.00 0.0314451
4 76.50 0.00 67.50 0.00 22.50 0.00 31.50 0.00 0.0120802
4 58.50 0.00 52.50 0.00 40.50 0.00 46.50 0.00 0.375836
4 61.50 0.00 55.50 0.00 37.50 0.00 43.50 0.00 0.125568
4 58.50 0.00 54.00 0.00 40.50 0.00 45.00 0.00 0.148112
4 61.50 0.00 58.50 0.00 37.50 0.00 40.50 0.00 0.0164338
4 81.00 0.00 72.00 0.00 18.00 0.00 27.00 0.00 0.00651785
4 67.50 0.00 63.00 0.00 31.50 0.00 36.00 0.00 0.00880044
4 60.00 0.00 57.00 0.00 39.00 0.00 42.00 0.00 0.0289171
4 79.50 0.00 72.00 0.00 19.50 0.00 27.00 0.00 0.0050152
4 79.50 0.00 73.50 0.00 19.50 0.00 25.50 0.00 0.00290318
4 67.50 0.00 61.50 0.00 31.50 0.00 37.50 0.00 0.0205323
4 57.00 0.00 54.00 0.00 42.00 0.00 45.00 0.00 0.0813869
4 55.50 0.00 52.50 0.00 43.50 0.00 46.50 0.00 0.155617
4 55.50 0.00 54.00 0.00 43.50 0.00 45.00 0.00 0.0255184
4 85.50 0.00 76.50 0.00 13.50 0.00 22.50 0.00 0.00384121
4 76.50 0.00 70.50 0.00 22.50 0.00 28.50 0.00 0.00423428
4 64.50 0.00 61.50 0.00 34.50 0.00 37.50 0.00 0.00737521
4 73.50 0.00 67.50 0.00 25.50 0.00 31.50 0.00 0.00659425
4 63.00 0.00 60.00 0.00 36.00 0.00 39.00 0.00 0.0117756
4 94.50 0.00 85.50 0.00 4.50 0.00 13.50 0.00 0.00192407
4 90.00 0.00 81.00 0.00 9.00 0.00 18.00 0.00 0.00263222
4 63.00 0.00 54.00 0.00 36.00 0.00 45.00 0.00 0.311688
4 66.00 0.00 61.50 0.00 34.50 0.00 39.00 0.00 0.0169011
4 84.00 0.00 76.50 0.00 16.50 0.00 24.00 0.00 0.00305482
4 55.50 0.00 54.00 0.00 45.00 0.00 46.50 0.00 0.0391839
4 61.50 0.00 54.00 0.00 39.00 0.00 46.50 0.00 0.341803
4 54.00 0.00 52.50 0.00 46.50 0.00 48.00 0.00 0.0913798
4 52.50 0.00 51.00 0.00 48.00 0.00 49.50 0.00 1.46054
4 76.50 0.00 69.00 0.00 24.00 0.00 31.50 0.00 0.00838277
4 70.50 0.00 66.00 0.00 30.00 0.00 34.50 0.00 0.00552801
4 69.00 0.00 61.50 0.00 31.50 0.00 39.00 0.00 0.0331674
4 61.50 0.00 57.00 0.00 39.00 0.00 43.50 0.00 0.0667676
4 57.00 0.00 52.50 0.00 43.50 0.00 48.00 0.00 0.376437
4 57.00 0.00 55.50 0.00 43.50 0.00 45.00 0.00 0.0185301
4 69.00 0.00 63.00 0.00 33.00 0.00 39.00 0.00 0.0189836
4 75.00 0.00 69.00 0.00 27.00 0.00 33.00 0.00 0.00670869
4 69.00 0.00 64.50 0.00 33.00 0.00 37.50 0.00 0.00901465
4 58.50 0.00 55.50 0.00 43.50 0.00 46.50 0.00 0.0861536
4 61.50 0.00 58.50 0.00 40.50 0.00 43.50 0.00 0.0256144
4 58.50 0.00 57.00 0.00 43.50 0.00 45.00 0.00 0.016602
4 81.00 0.00 73.50 0.00 21.00 0.00 28.50 0.00 0.00459667
4 69.00 0.00 60.00 0.00 33.00 0.00 42.00 0.00 0.0689187
4 87.00 0.00 78.00 0.00 15.00 0.00 24.00 0.00 0.00372017
4 66.00 0.00 63.00 0.00 36.00 0.00 39.00 0.00 0.00666018
4 66.00 0.00 60.00 0.00 36.00 0.00 42.00 0.00 0.0429819
4 73.50 0.00 69.00 0.00 28.50 0.00 33.00 0.00 0.00440351
4 64.50 0.00 60.00 0.00 37.50 0.00 42.00 0.00 0.0287697
4 64.50 0.00 61.50 0.00 37.50 0.00 40.50 0.00 0.0103881
4 57.00 0.00 54.00 0.00 45.00 0.00 48.00 0.00 0.149827
4 73.50 0.00 64.50 0.00 28.50 0.00 37.50 0.00 0.0259788
4 64.50 0.00 55.50 0.00 37.50 0.00 46.50 0.00 0.302192
4 57.00 0.00 55.50 0.00 45.00 0.00 46.50 0.00 0.0273011
4 73.50 0.00 66.00 0.00 28.50 0.00 36.00 0.00 0.0152414
4 55.50 0.00 54.00 0.00 46.50 0.00 48.00 0.00 0.0510076
4 63.00 0.00 57.00 0.00 39.00 0.00 45.00 0.00 0.11985
4 63.00 0.00 60.00 0.00 39.00 0.00 42.00 0.00 0.0159865
4 55.50 0.00 52.50 0.00 46.50 0.00 49.50 0.00 0.49123
4 54.00 0.00 52.50 0.00 48.00 0.00 49.50 0.00 0.250985
4 66.00 0.00 58.50 0.00 36.00 0.00 43.50 0.00 0.0887667
4 88.50 0.00 81.00 0.00 13.50 0.00 21.00 0.00 0.00226749
4 81.00 0.00 75.00 0.00 21.00 0.00 27.00 0.00 0.0027283
4 60.00 0.00 54.00 0.00 42.00 0.00 48.00 0.00 0.35956
4 60.00 0.00 55.50 0.00 42.00 0.00 46.50 0.00 0.148198
4 60.00 0.00 57.00 0.00 42.00 0.00 45.00 0.00 0.0490077
4 91.50 0.00 82.50 0.00 10.50 0.00 19.50 0.00 0.00293889
4 78.00 0.00 69.00 0.00 24.00 0.00 33.00 0.00 0.0125052
4 72.00 0.00 66.00 0.00 30.00 0.00 36.00 0.00 0.0104078
4 78.00 0.00 72.00 0.00 24.00 0.00 30.00 0.00 0.00451466
4 82.50 0.00 73.50 0.00 19.50 0.00 28.50 0.00 0.00619048
4 72.00 0.00 67.50 0.00 31.50 0.00 36.00 0.00 0.00599239
4 78.00 0.00 70.50 0.00 25.50 0.00 33.00 0.00 0.00844435
4 70.50 0.00 63.00 0.00 33.00 0.00 40.50 0.00 0.0298066
4 67.50 0.00 63.00 0.00 36.00 0.00 40.50 0.00 0.0143192
4 58.50 0.00 57.00 0.00 45.00 0.00 46.50 0.00 0.0238735
4 85.50 0.00 78.00 0.00 18.00 0.00 25.50 0.00 0.00292742
4 58.50 0.00 54.00 0.00 45.00 0.00 49.50 0.00 0.3917
4 57.00 0.00 55.50 0.00 46.50 0.00 48.00 0.00 0.0325471
4 63.00 0.00 58.50 0.00 40.50 0.00 45.00 0.00 0.058772
4 55.50 0.00 54.00 0.00 48.00 0.00 49.50 0.00 0.0975803
4 63.00 0.00 55.50 0.00 40.50 0.00 48.00 0.00 0.324147
4 54.00 0.00 52.50 0.00 49.50 0.00 51.00 0.00 1.06895
4 61.50 0.00 57.00 0.00 43.50 0.00 48.00 0.00 0.134457
4 61.50 0.00 58.50 0.00 43.50 0.00 46.50 0.00 0.0409296
4 61.50 0.00 55.50 0.00 43.50 0.00 49.50 0.00 0.342496
4 73.50 0.00 67.50 0.00 31.50 0.00 37.50 0.00 0.0111109
4 90.00 0.00 82.50 0.00 15.00 0.00 22.50 0.00 0.0025786
4 79.50 0.00 73.50 0.00 25.50 0.00 31.50 0.00 0.00394847
4 67.50 0.00 60.00 0.00 37.50 0.00 45.00 0.00 0.0832739
4 79.50 0.00 70.50 0.00 25.50 0.00 34.50 0.00 0.0119486
4 70.50 0.00 66.00 0.00 34.50 0.00 39.00 0.00 0.0089334
4 93.00 0.00 84.00 0.00 12.00 0.00 21.00 0.00 0.0034718
4 70.50 0.00 61.50 0.00 34.50 0.00 43.50 0.00 0.0682656
4 60.00 0.00 57.00 0.00 45.00 0.00 48.00 0.00 0.0795606
4 84.00 0.00 75.00 0.00 21.00 0.00 30.00 0.00 0.00617208
4 60.00 0.00 58.50 0.00 45.00 0.00 46.50 0.00 0.0136228
4 70.50 0.00 64.50 0.00 34.50 0.00 40.50 0.00 0.0192586
4 76.50 0.00 70.50 0.00 28.50 0.00 34.50 0.00 0.00673648
4 88.50 0.00 79.50 0.00 16.50 0.00 25.50 0.00 0.00403148
4 63.00 0.00 60.00 0.00 42.00 0.00 45.00 0.00 0.0259929
4 67.50 0.00 64.50 0.00 37.50 0.00 40.50 0.00 0.00647665
4 82.50 0.00 75.00 0.00 22.50 0.00 30.00 0.00 0.00472472
4 67.50 0.00 61.50 0.00 37.50 0.00 43.50 0.00 0.0417504
4 66.00 0.00 63.00 0.00 39.00 0.00 42.00 0.00 0.00873279
4 58.50 0.00 55.50 0.00 46.50 0.00 49.50 0.00 0.153186
4 75.00 0.00 70.50 0.00 30.00 0.00 34.50 0.00 0.00421992
4 66.00 0.00 57.00 0.00 39.00 0.00 48.00 0.00 0.281021
4 58.50 0.00 57.00 0.00 46.50 0.00 48.00 0.00 0.026887
4 75.00 0.00 66.00 0.00 30.00 0.00 39.00 0.00 0.0253708
4 75.00 0.00 67.50 0.00 30.00 0.00 37.50 0.00 0.0152089
4 64.50 0.00 58.50 0.00 40.50 0.00 46.50 0.00 0.105797
4 66.00 0.00 61.50 0.00 39.00 0.00 43.50 0.00 0.028431
4 64.50 0.00 61.50 0.00 40.50 0.00 43.50 0.00 0.0155146
4 57.00 0.00 54.00 0.00 48.00 0.00 51.00 0.00 0.436197
4 57.00 0.00 55.50 0.00 48.00 0.00 49.50 0.00 0.0533627
4 55.50 0.00 54.00 0.00 49.50 0.00 51.00 0.00 0.203013
4 82.50 0.00 76.50 0.00 22.50 0.00 28.50 0.00 0.00272294
4 58.50 0.00 57.00 0.00 48.00 0.00 49.50 0.00 0.0402831
4 57.00 0.00 55.50 0.00 49.50 0.00 51.00 0.00 0.0819001
4 64.50 0.00 57.00 0.00 42.00 0.00 49.50 0.00 0.30699
4 55.50 0.00 54.00 0.00 51.00 0.00 52.50 0.00 1.56183
4 73.50 0.00 69.00 0.00 33.00 0.00 37.50 0.00 0.00613287
4 79.50 0.00 72.00 0.00 27.00 0.00 34.50 0.00 0.00802744
4 72.00 0.00 64.50 0.00 34.50 0.00 42.00 0.00 0.0308321
4 60.00 0.00 58.50 0.00 46.50 0.00 48.00 0.00 0.0149848
4 64.50 0.00 60.00 0.00 42.00 0.00 46.50 0.00 0.0569062
4 60.00 0.00 55.50 0.00 46.50 0.00 51.00 0.00 0.35167
4 69.00 0.00 64.50 0.00 37.50 0.00 42.00 0.00 0.0145897
4 87.00 0.00 79.50 0.00 19.50 0.00 27.00 0.00 0.00304418
4 78.00 0.00 72.00 0.00 30.00 0.00 36.00 0.00 0.00669466
4 69.00 0.00 66.00 0.00 39.00 0.00 42.00 0.00 0.00588397
4 94.50 0.00 85.50 0.00 13.50 0.00 22.50 0.00 0.00389658
4 67.50 0.00 58.50 0.00 40.50 0.00 49.50 0.00 0.245129
4 76.50 0.00 69.00 0.00 31.50 0.00 39.00 0.00 0.0153174
4 81.00 0.00 75.00 0.00 27.00 0.00 33.00 0.00 0.00395069
4 67.50 0.00 64.50 0.00 40.50 0.00 43.50 0.00 0.00943949
4 76.50 0.00 72.00 0.00 31.50 0.00 36.00 0.00 0.00410623
4 58.50 0.00 55.50 0.00 49.50 0.00 52.50 0.00 0.554728
4 58.50 0.00 57.00 0.00 49.50 0.00 51.00 0.00 0.0545669
4 76.50 0.00 67.50 0.00 31.50 0.00 40.50 0.00 0.0254653
4 63.00 0.00 60.00 0.00 45.00 0.00 48.00 0.00 0.0395873
4 75.00 0.00 69.00 0.00 33.00 0.00 39.00 0.00 0.0111734
4 57.00 0.00 55.50 0.00 51.00 0.00 52.50 0.00 0.281434
4 72.00 0.00 63.00 0.00 36.00 0.00 45.00 0.00 0.0631441
4 61.50 0.00 60.00 0.00 46.50 0.00 48.00 0.00 0.0110947
4 69.00 0.00 63.00 0.00 39.00 0.00 45.00 0.00 0.0369642
4 81.00 0.00 72.00 0.00 27.00 0.00 36.00 0.00 0.0115608
4 91.50 0.00 84.00 0.00 16.50 0.00 24.00 0.00 0.00291642
4 69.00 0.00 61.50 0.00 39.00 0.00 46.50 0.00 0.0813004
4 63.00 0.00 57.00 0.00 45.00 0.00 51.00 0.00 0.320598
4 67.50 0.00 63.00 0.00 40.50 0.00 45.00 0.00 0.0245158
4 63.00 0.00 58.50 0.00 45.00 0.00 49.50 0.00 0.117215
4 90.00 0.00 81.00 0.00 18.00 0.00 27.00 0.00 0.0044679
4 66.00 0.00 63.00 0.00 42.00 0.00 45.00 0.00 0.0135997
4 61.50 0.00 58.50 0.00 46.50 0.00 49.50 0.00 0.0624451
4 85.50 0.00 76.50 0.00 22.50 0.00 31.50 0.00 0.00614668
4 72.00 0.00 66.00 0.00 36.00 0.00 42.00 0.00 0.0186504
4 72.00 0.00 67.50 0.00 36.00 0.00 40.50 0.00 0.00930506
4 66.00 0.00 60.00 0.00 42.00 0.00 48.00 0.00 0.0988386
4 64.50 0.00 61.50 0.00 43.50 0.00 46.50 0.00 0.0237643
4 60.00 0.00 57.00 0.00 48.00 0.00 51.00 0.00 0.141426
4 60.00 0.00 58.50 0.00 48.00 0.00 49.50 0.00 0.0211207
4 84.00 0.00 76.50 0.00 24.00 0.00 31.50 0.00 0.00464232
4 84.00 0.00 78.00 0.00 24.00 0.00 30.00 0.00 0.00248954
4 66.00 0.00 61.50 0.00 43.50 0.00 48.00 0.00 0.0514518
4 61.50 0.00 57.00 0.00 48.00 0.00 52.50 0.00 0.395846
4 60.00 0.00 58.50 0.00 49.50 0.00 51.00 0.00 0.0257901
4 70.50 0.00 66.00 0.00 39.00 0.00 43.50 0.00 0.0141298
4 88.50 0.00 81.00 0.00 21.00 0.00 28.50 0.00 0.00312329
4 66.00 0.00 58.50 0.00 43.50 0.00 51.00 0.00 0.253404
4 75.00 0.00 70.50 0.00 34.50 0.00 39.00 0.00 0.00658813
4 58.50 0.00 57.00 0.00 51.00 0.00 52.50 0.00 0.136787
4 57.00 0.00 55.50 0.00 52.50 0.00 54.00 0.00 1.32663
4 61.50 0.00 60.00 0.00 48.00 0.00 49.50 0.00 0.0151736
4 81.00 0.00 73.50 0.00 28.50 0.00 36.00 0.00 0.0076495
4 73.50 0.00 66.00 0.00 36.00 0.00 43.50 0.00 0.0314513
4 82.50 0.00 73.50 0.00 28.50 0.00 37.50 0.00 0.0110506
4 69.00 0.00 64.50 0.00 42.00 0.00 46.50 0.00 0.0266041
4 69.00 0.00 66.00 0.00 42.00 0.00 45.00 0.00 0.00887398
4 91.50 0.00 82.50 0.00 19.50 0.00 28.50 0.00 0.00454019
4 69.00 0.00 60.00 0.00 42.00 0.00 51.00 0.00 0.225232
4 73.50 0.00 67.50 0.00 37.50 0.00 43.50 0.00 0.020388
4 64.50 0.00 58.50 0.00 46.50 0.00 52.50 0.00 0.281762
4 73.50 0.00 69.00 0.00 37.50 0.00 42.00 0.00 0.00949143
4 67.50 0.00 61.50 0.00 43.50 0.00 49.50 0.00 0.0911016
4 67.50 0.00 64.50 0.00 43.50 0.00 46.50 0.00 0.0138781
4 87.00 0.00 78.00 0.00 24.00 0.00 33.00 0.00 0.00606905
4 61.50 0.00 58.50 0.00 49.50 0.00 52.50 0.00 0.127777
4 85.50 0.00 78.00 0.00 25.50 0.00 33.00 0.00 0.00427134
4 85.50 0.00 79.50 0.00 25.50 0.00 31.50 0.00 0.00247389
4 70.50 0.00 67.50 0.00 40.50 0.00 43.50 0.00 0.00647839
4 60.00 0.00 57.00 0.00 51.00 0.00 54.00 0.00 0.646611
4 60.00 0.00 58.50 0.00 51.00 0.00 52.50 0.00 0.0518319
4 79.50 0.00 73.50 0.00 31.50 0.00 37.50 0.00 0.00623266
4 78.00 0.00 73.50 0.00 33.00 0.00 37.50 0.00 0.00404608
4 66.00 0.00 63.00 0.00 45.00 0.00 48.00 0.00 0.0197148
4 78.00 0.00 69.00 0.00 33.00 0.00 42.00 0.00 0.0255886
4 78.00 0.00 70.50 0.00 33.00 0.00 40.50 0.00 0.0157447
4 82.50 0.00 76.50 0.00 28.50 0.00 34.50 0.00 0.0040163
4 64.50 0.00 61.50 0.00 46.50 0.00 49.50 0.00 0.0340243
4 76.50 0.00 70.50 0.00 34.50 0.00 40.50 0.00 0.011269
4 64.50 0.00 60.00 0.00 46.50 0.00 51.00 0.00 0.0997005
4 58.50 0.00 57.00 0.00 52.50 0.00 54.00 0.00 0.361465
4 73.50 0.00 64.50 0.00 37.50 0.00 46.50 0.00 0.0672079
4 63.00 0.00 60.00 0.00 48.00 0.00 51.00 0.00 0.0595094
4 63.00 0.00 61.50 0.00 48.00 0.00 49.50 0.00 0.0125104
4 93.00 0.00 85.50 0.00 18.00 0.00 25.50 0.00 0.00328432
4 61.50 0.00 60.00 0.00 49.50 0.00 51.00 0.00 0.0179196
4 70.50 0.00 63.00 0.00 40.50 0.00 48.00 0.00 0.07266
4 70.50 0.00 64.50 0.00 40.50 0.00 46.50 0.00 0.0390545
4 58.50 0.00 57.00 0.00 54.00 0.00 55.50 0.00 1.69768
4 82.50 0.00 75.00 0.00 30.00 0.00 37.50 0.00 0.00728741
4 61.50 0.00 60.00 0.00 51.00 0.00 52.50 0.00 0.0322523
4 63.00 0.00 58.50 0.00 49.50 0.00 54.00 0.00 0.344132
4 60.00 0.00 58.50 0.00 52.50 0.00 54.00 0.00 0.0959886
4 75.00 0.00 67.50 0.00 37.50 0.00 45.00 0.00 0.0318419
4 67.50 0.00 60.00 0.00 45.00 0.00 52.50 0.00 0.249364
4 67.50 0.00 63.00 0.00 45.00 0.00 49.50 0.00 0.0445623
4 90.00 0.00 82.50 0.00 22.50 0.00 30.00 0.00 0.00355449
4 63.00 0.00 61.50 0.00 49.50 0.00 51.00 0.00 0.0141235
4 76.50 0.00 72.00 0.00 36.00 0.00 40.50 0.00 0.0061218
4 72.00 0.00 67.50 0.00 40.50 0.00 45.00 0.00 0.0149365
4 66.00 0.00 60.00 0.00 48.00 0.00 54.00 0.00 0.278153
4 66.00 0.00 61.50 0.00 48.00 0.00 52.50 0.00 0.101991
4 66.00 0.00 63.00 0.00 48.00 0.00 51.00 0.00 0.0281313
4 78.00 0.00 72.00 0.00 36.00 0.00 42.00 0.00 0.0111498
4 64.50 0.00 63.00 0.00 49.50 0.00 51.00 0.00 0.00748702
4 84.00 0.00 78.00 0.00 30.00 0.00 36.00 0.00 0.00352869
4 64.50 0.00 61.50 0.00 49.50 0.00 52.50 0.00 0.057564
4 84.00 0.00 75.00 0.00 30.00 0.00 39.00 0.00 0.0111442
4 63.00 0.00 60.00 0.00 51.00 0.00 54.00 0.00 0.138112
4 94.50 0.00 87.00 0.00 19.50 0.00 27.00 0.00 0.00334783
4 63.00 0.00 61.50 0.00 51.00 0.00 52.50 0.00 0.0237063
4 72.00 0.00 66.00 0.00 42.00 0.00 48.00 0.00 0.0382048
4 75.00 0.00 70.50 0.00 39.00 0.00 43.50 0.00 0.0100173
4 72.00 0.00 69.00 0.00 42.00 0.00 45.00 0.00 0.00670368
4 70.50 0.00 67.50 0.00 43.50 0.00 46.50 0.00 0.00924832
4 72.00 0.00 64.50 0.00 42.00 0.00 49.50 0.00 0.0756593
4 61.50 0.00 60.00 0.00 52.50 0.00 54.00 0.00 0.050039
4 81.00 0.00 75.00 0.00 33.00 0.00 39.00 0.00 0.00608182
4 70.50 0.00 66.00 0.00 43.50 0.00 48.00 0.00 0.0241743
4 79.50 0.00 75.00 0.00 34.50 0.00 39.00 0.00 0.0040583
4 70.50 0.00 61.50 0.00 43.50 0.00 52.50 0.00 0.21879
4 88.50 0.00 79.50 0.00 25.50 0.00 34.50 0.00 0.00601648
4 87.00 0.00 81.00 0.00 27.00 0.00 33.00 0.00 0.00281842
4 87.00 0.00 79.50 0.00 27.00 0.00 34.50 0.00 0.00456062
4 69.00 0.00 66.00 0.00 45.00 0.00 48.00 0.00 0.0130651
4 69.00 0.00 63.00 0.00 45.00 0.00 51.00 0.00 0.0777911
4 75.00 0.00 69.00 0.00 39.00 0.00 45.00 0.00 0.0198964
4 61.50 0.00 58.50 0.00 52.50 0.00 55.50 0.00 0.485454
4 67.50 0.00 64.50 0.00 46.50 0.00 49.50 0.00 0.0195921
4 60.00 0.00 58.50 0.00 54.00 0.00 55.50 0.00 0.239494
4 75.00 0.00 66.00 0.00 39.00 0.00 48.00 0.00 0.0643399
4 79.50 0.00 70.50 0.00 34.50 0.00 43.50 0.00 0.0264233
4 93.00 0.00 84.00 0.00 21.00 0.00 30.00 0.00 0.00521992
4 79.50 0.00 72.00 0.00 34.50 0.00 42.00 0.00 0.0150364
4 69.00 0.00 64.50 0.00 46.50 0.00 51.00 0.00 0.0422345
4 69.00 0.00 61.50 0.00 46.50 0.00 54.00 0.00 0.234997
4 60.00 0.00 58.50 0.00 55.50 0.00 57.00 0.00 1.22923
4 91.50 0.00 84.00 0.00 24.00 0.00 31.50 0.00 0.00400731
4 78.00 0.00 73.50 0.00 37.50 0.00 42.00 0.00 0.00594046
4 64.50 0.00 60.00 0.00 51.00 0.00 55.50 0.00 0.342304
4 64.50 0.00 63.00 0.00 51.00 0.00 52.50 0.00 0.0121284
4 84.00 0.00 76.50 0.00 31.50 0.00 39.00 0.00 0.00776418
4 73.50 0.00 69.00 0.00 42.00 0.00 46.50 0.00 0.016352
4 63.00 0.00 61.50 0.00 52.50 0.00 54.00 0.00 0.0324297
4 61.50 0.00 60.00 0.00 54.00 0.00 55.50 0.00 0.0999925
4 76.50 0.00 69.00 0.00 39.00 0.00 46.50 0.00 0.032082
4 72.00 0.00 69.00 0.00 45.00 0.00 48.00 0.00 0.00947321
4 88.50 0.00 81.00 0.00 28.50 0.00 36.00 0.00 0.00486527
4 88.50 0.00 82.50 0.00 28.50 0.00 34.50 0.00 0.0027656
4 72.00 0.00 63.00 0.00 45.00 0.00 54.00 0.00 0.200665
4 70.50 0.00 64.50 0.00 46.50 0.00 52.50 0.00 0.0803285
4 76.50 0.00 72.00 0.00 40.50 0.00 45.00 0.00 0.00932068
4 70.50 0.00 67.50 0.00 46.50 0.00 49.50 0.00 0.0125002
4 69.00 0.00 66.00 0.00 48.00 0.00 51.00 0.00 0.0166954
4 76.50 0.00 67.50 0.00 40.50 0.00 49.50 0.00 0.0648446
4 76.50 0.00 70.50 0.00 40.50 0.00 46.50 0.00 0.0207826
4 94.50 0.00 85.50 0.00 22.50 0.00 31.50 0.00 0.00570398
4 81.00 0.00 73.50 0.00 36.00 0.00 43.50 0.00 0.0143946
4 67.50 0.00 64.50 0.00 49.50 0.00 52.50 0.00 0.0301188
4 79.50 0.00 73.50 0.00 37.50 0.00 43.50 0.00 0.0106376
4 67.50 0.00 61.50 0.00 49.50 0.00 55.50 0.00 0.264578
4 67.50 0.00 63.00 0.00 49.50 0.00 54.00 0.00 0.0869895
4 85.50 0.00 79.50 0.00 31.50 0.00 37.50 0.00 0.00374086
4 66.00 0.00 63.00 0.00 51.00 0.00 54.00 0.00 0.0519845
4 66.00 0.00 64.50 0.00 51.00 0.00 52.50 0.00 0.0110419
4 85.50 0.00 76.50 0.00 31.50 0.00 40.50 0.00 0.011385
4 64.50 0.00 63.00 0.00 52.50 0.00 54.00 0.00 0.0153468
4 73.50 0.00 70.50 0.00 43.50 0.00 46.50 0.00 0.00752059
4 64.50 0.00 61.50 0.00 52.50 0.00 55.50 0.00 0.124578
4 73.50 0.00 66.00 0.00 43.50 0.00 51.00 0.00 0.0707605
4 90.00 0.00 81.00 0.00 27.00 0.00 36.00 0.00 0.00680848
4 73.50 0.00 67.50 0.00 43.50 0.00 49.50 0.00 0.0393195
4 63.00 0.00 61.50 0.00 54.00 0.00 55.50 0.00 0.0539651
4 82.50 0.00 76.50 0.00 34.50 0.00 40.50 0.00 0.00630653
4 63.00 0.00 60.00 0.00 54.00 0.00 57.00 0.00 0.526832
4 81.00 0.00 76.50 0.00 36.00 0.00 40.50 0.00 0.00390931
4 81.00 0.00 72.00 0.00 36.00 0.00 45.00 0.00 0.0250571
4 61.50 0.00 60.00 0.00 55.50 0.00 57.00 0.00 0.26635
4 72.00 0.00 67.50 0.00 45.00 0.00 49.50 0.00 0.0255818
4 63.00 0.00 61.50 0.00 55.50 0.00 57.00 0.00 0.106911
4 61.50 0.00 60.00 0.00 57.00 0.00 58.50 0.00 1.50971
4 79.50 0.00 75.00 0.00 39.00 0.00 43.50 0.00 0.00583381
4 78.00 0.00 70.50 0.00 40.50 0.00 48.00 0.00 0.0329261
4 70.50 0.00 63.00 0.00 48.00 0.00 55.50 0.00 0.211714
4 70.50 0.00 66.00 0.00 48.00 0.00 52.50 0.00 0.0413738
4 75.00 0.00 70.50 0.00 43.50 0.00 48.00 0.00 0.0160694
4 93.00 0.00 85.50 0.00 25.50 0.00 33.00 0.00 0.00431276
4 66.00 0.00 64.50 0.00 52.50 0.00 54.00 0.00 0.0133829
4 85.50 0.00 78.00 0.00 33.00 0.00 40.50 0.00 0.00724993
4 66.00 0.00 61.50 0.00 52.50 0.00 57.00 0.00 0.329832
4 64.50 0.00 63.00 0.00 54.00 0.00 55.50 0.00 0.0231759
4 66.00 0.00 64.50 0.00 54.00 0.00 55.50 0.00 0.0188258
4 75.00 0.00 72.00 0.00 45.00 0.00 48.00 0.00 0.00701905
4 91.50 0.00 82.50 0.00 28.50 0.00 37.50 0.00 0.00748291
4 75.00 0.00 67.50 0.00 45.00 0.00 52.50 0.00 0.0740556
4 84.00 0.00 78.00 0.00 36.00 0.00 42.00 0.00 0.0056162
4 75.00 0.00 69.00 0.00 45.00 0.00 51.00 0.00 0.0381047
4 64.50 0.00 61.50 0.00 55.50 0.00 58.50 0.00 0.52538
4 64.50 0.00 63.00 0.00 55.50 0.00 57.00 0.00 0.0376235
4 82.50 0.00 73.50 0.00 37.50 0.00 46.50 0.00 0.024568
4 63.00 0.00 61.50 0.00 57.00 0.00 58.50 0.00 0.301644
4 82.50 0.00 78.00 0.00 37.50 0.00 42.00 0.00 0.00353294
4 73.50 0.00 70.50 0.00 46.50 0.00 49.50 0.00 0.0100124
4 90.00 0.00 82.50 0.00 30.00 0.00 37.50 0.00 0.00538314
4 73.50 0.00 69.00 0.00 46.50 0.00 51.00 0.00 0.0246534
4 90.00 0.00 84.00 0.00 30.00 0.00 36.00 0.00 0.00333898
4 72.00 0.00 69.00 0.00 48.00 0.00 51.00 0.00 0.0124775
4 73.50 0.00 64.50 0.00 46.50 0.00 55.50 0.00 0.205782
4 72.00 0.00 66.00 0.00 48.00 0.00 54.00 0.00 0.0777958
4 78.00 0.00 72.00 0.00 42.00 0.00 48.00 0.00 0.0205517
4 78.00 0.00 73.50 0.00 42.00 0.00 46.50 0.00 0.00971176
4 70.50 0.00 67.50 0.00 49.50 0.00 52.50 0.00 0.0182236
4 78.00 0.00 69.00 0.00 42.00 0.00 51.00 0.00 0.0642653
4 82.50 0.00 75.00 0.00 37.50 0.00 45.00 0.00 0.0141177
4 69.00 0.00 63.00 0.00 51.00 0.00 57.00 0.00 0.237219
4 69.00 0.00 64.50 0.00 51.00 0.00 55.50 0.00 0.0927848
4 69.00 0.00 66.00 0.00 51.00 0.00 54.00 0.00 0.0288732
4 67.50 0.00 64.50 0.00 52.50 0.00 55.50 0.00 0.0522768
4 67.50 0.00 66.00 0.00 52.50 0.00 54.00 0.00 0.00853157
4 87.00 0.00 78.00 0.00 33.00 0.00 42.00 0.00 0.0108975
4 87.00 0.00 81.00 0.00 33.00 0.00 39.00 0.00 0.0041473
4 81.00 0.00 75.00 0.00 39.00 0.00 45.00 0.00 0.0100444
4 66.00 0.00 63.00 0.00 54.00 0.00 57.00 0.00 0.107567
4 94.50 0.00 87.00 0.00 27.00 0.00 34.50 0.00 0.00453428
4 63.00 0.00 61.50 0.00 58.50 0.00 60.00 0.00 1.51202
4 67.50 0.00 63.00 0.00 54.00 0.00 58.50 0.00 0.29019
4 81.00 0.00 76.50 0.00 40.50 0.00 45.00 0.00 0.00578321
4 76.50 0.00 72.00 0.00 45.00 0.00 49.50 0.00 0.0149315
4 67.50 0.00 66.00 0.00 54.00 0.00 55.50 0.00 0.0115863
4 87.00 0.00 79.50 0.00 34.50 0.00 42.00 0.00 0.00774447
4 66.00 0.00 64.50 0.00 55.50 0.00 57.00 0.00 0.0279637
4 64.50 0.00 63.00 0.00 57.00 0.00 58.50 0.00 0.0790658
4 79.50 0.00 72.00 0.00 42.00 0.00 49.50 0.00 0.0316701
4 72.00 0.00 67.50 0.00 49.50 0.00 54.00 0.00 0.0433921
4 72.00 0.00 64.50 0.00 49.50 0.00 57.00 0.00 0.220916
4 66.00 0.00 63.00 0.00 57.00 0.00 60.00 0.00 0.353296
4 70.50 0.00 66.00 0.00 52.50 0.00 57.00 0.00 0.0854078
4 70.50 0.00 67.50 0.00 52.50 0.00 55.50 0.00 0.0283913
4 64.50 0.00 63.00 0.00 58.50 0.00 60.00 0.00 0.154226
4 69.00 0.00 67.50 0.00 54.00 0.00 55.50 0.00 0.0089551
4 84.00 0.00 75.00 0.00 39.00 0.00 48.00 0.00 0.023875
4 84.00 0.00 76.50 0.00 39.00 0.00 46.50 0.00 0.0146968
4 70.50 0.00 64.50 0.00 52.50 0.00 58.50 0.00 0.25425
4 88.50 0.00 82.50 0.00 34.50 0.00 40.50 0.00 0.00420716
4 82.50 0.00 76.50 0.00 40.50 0.00 46.50 0.00 0.0107979
4 69.00 0.00 66.00 0.00 54.00 0.00 57.00 0.00 0.0486915
4 88.50 0.00 79.50 0.00 34.50 0.00 43.50 0.00 0.0117072
4 67.50 0.00 66.00 0.00 55.50 0.00 57.00 0.00 0.0157668
4 76.50 0.00 73.50 0.00 46.50 0.00 49.50 0.00 0.00587169
4 76.50 0.00 69.00 0.00 46.50 0.00 54.00 0.00 0.0713164
4 76.50 0.00 70.50 0.00 46.50 0.00 52.50 0.00 0.0380366
4 67.50 0.00 64.50 0.00 55.50 0.00 58.50 0.00 0.119129
4 75.00 0.00 70.50 0.00 48.00 0.00 52.50 0.00 0.0263647
4 66.00 0.00 64.50 0.00 57.00 0.00 58.50 0.00 0.0504339
4 75.00 0.00 72.00 0.00 48.00 0.00 51.00 0.00 0.00900638
4 85.50 0.00 79.50 0.00 37.50 0.00 43.50 0.00 0.00609594
4 75.00 0.00 66.00 0.00 48.00 0.00 57.00 0.00 0.199057
4 79.50 0.00 75.00 0.00 43.50 0.00 48.00 0.00 0.00880506
4 84.00 0.00 79.50 0.00 39.00 0.00 43.50 0.00 0.00369794
4 93.00 0.00 84.00 0.00 30.00 0.00 39.00 0.00 0.00830266
4 91.50 0.00 84.00 0.00 31.50 0.00 39.00 0.00 0.00614066
4 91.50 0.00 85.50 0.00 31.50 0.00 37.50 0.00 0.0037464
4 73.50 0.00 70.50 0.00 49.50 0.00 52.50 0.00 0.0140934
4 73.50 0.00 67.50 0.00 49.50 0.00 55.50 0.00 0.0814428
4 79.50 0.00 73.50 0.00 43.50 0.00 49.50 0.00 0.018792
4 72.00 0.00 69.00 0.00 51.00 0.00 54.00 0.00 0.0195961
4 79.50 0.00 70.50 0.00 43.50 0.00 52.50 0.00 0.0647889
4 81.00 0.00 73.50 0.00 43.50 0.00 51.00 0.00 0.028206
4 69.00 0.00 64.50 0.00 55.50 0.00 60.00 0.00 0.273642
4 73.50 0.00 69.00 0.00 51.00 0.00 55.50 0.00 0.0462228
4 73.50 0.00 66.00 0.00 51.00 0.00 58.50 0.00 0.226616
4 66.00 0.00 64.50 0.00 58.50 0.00 60.00 0.00 0.0694194
4 78.00 0.00 73.50 0.00 46.50 0.00 51.00 0.00 0.0134298
4 69.00 0.00 67.50 0.00 55.50 0.00 57.00 0.00 0.0123497
4 88.50 0.00 81.00 0.00 36.00 0.00 43.50 0.00 0.00837023
4 82.50 0.00 78.00 0.00 42.00 0.00 46.50 0.00 0.00557864
4 64.50 0.00 63.00 0.00 60.00 0.00 61.50 0.00 1.84287
4 67.50 0.00 66.00 0.00 57.00 0.00 58.50 0.00 0.0261504
4 90.00 0.00 81.00 0.00 36.00 0.00 45.00 0.00 0.0131864
4 94.50 0.00 85.50 0.00 31.50 0.00 40.50 0.00 0.00879938
4 72.00 0.00 66.00 0.00 54.00 0.00 60.00 0.00 0.227178
4 75.00 0.00 69.00 0.00 51.00 0.00 57.00 0.00 0.082892
4 81.00 0.00 75.00 0.00 45.00 0.00 51.00 0.00 0.017454
4 81.00 0.00 76.50 0.00 45.00 0.00 49.50 0.00 0.00903533
4 93.00 0.00 85.50 0.00 33.00 0.00 40.50 0.00 0.00662901
4 93.00 0.00 87.00 0.00 33.00 0.00 39.00 0.00 0.00409222
4 69.00 0.00 66.00 0.00 57.00 0.00 60.00 0.00 0.0975897
4 78.00 0.00 75.00 0.00 48.00 0.00 51.00 0.00 0.00569893
4 67.50 0.00 66.00 0.00 58.50 0.00 60.00 0.00 0.0307394
4 87.00 0.00 81.00 0.00 39.00 0.00 45.00 0.00 0.0065036
4 90.00 0.00 84.00 0.00 36.00 0.00 42.00 0.00 0.00501902
4 73.50 0.00 70.50 0.00 52.50 0.00 55.50 0.00 0.020618
4 67.50 0.00 64.50 0.00 58.50 0.00 61.50 0.00 0.36831
4 72.00 0.00 69.00 0.00 54.00 0.00 57.00 0.00 0.0299853
4 81.00 0.00 72.00 0.00 45.00 0.00 54.00 0.00 0.0609995
4 85.50 0.00 78.00 0.00 40.50 0.00 48.00 0.00 0.0139316
4 72.00 0.00 67.50 0.00 54.00 0.00 58.50 0.00 0.0962103
4 85.50 0.00 81.00 0.00 40.50 0.00 45.00 0.00 0.00395737
4 70.50 0.00 67.50 0.00 55.50 0.00 58.50 0.00 0.0540526
4 70.50 0.00 69.00 0.00 55.50 0.00 57.00 0.00 0.00886644
4 85.50 0.00 76.50 0.00 40.50 0.00 49.50 0.00 0.0248624
4 84.00 0.00 78.00 0.00 42.00 0.00 48.00 0.00 0.0100173
4 66.00 0.00 64.50 0.00 60.00 0.00 61.50 0.00 0.208169
4 78.00 0.00 72.00 0.00 48.00 0.00 54.00 0.00 0.0371509
4 69.00 0.00 67.50 0.00 57.00 0.00 58.50 0.00 0.0193331
4 78.00 0.00 70.50 0.00 48.00 0.00 55.50 0.00 0.0732477
4 76.50 0.00 72.00 0.00 49.50 0.00 54.00 0.00 0.0236473
4 76.50 0.00 73.50 0.00 49.50 0.00 52.50 0.00 0.00812066
4 75.00 0.00 72.00 0.00 51.00 0.00 54.00 0.00 0.0136806
4 76.50 0.00 67.50 0.00 49.50 0.00 58.50 0.00 0.207899
4 66.00 0.00 64.50 0.00 61.50 0.00 63.00 0.00 1.97168
4 90.00 0.00 82.50 0.00 37.50 0.00 45.00 0.00 0.00934099
4 82.50 0.00 75.00 0.00 45.00 0.00 52.50 0.00 0.0280752
4 75.00 0.00 70.50 0.00 52.50 0.00 57.00 0.00 0.0460647
4 70.50 0.00 66.00 0.00 57.00 0.00 61.50 0.00 0.238218
4 79.50 0.00 75.00 0.00 48.00 0.00 52.50 0.00 0.0134751
4 69.00 0.00 67.50 0.00 58.50 0.00 60.00 0.00 0.0213167
4 70.50 0.00 69.00 0.00 57.00 0.00 58.50 0.00 0.0134429
4 67.50 0.00 66.00 0.00 60.00 0.00 61.50 0.00 0.059371
4 75.00 0.00 67.50 0.00 52.50 0.00 60.00 0.00 0.218021
4 84.00 0.00 79.50 0.00 43.50 0.00 48.00 0.00 0.00543746
4 85.50 0.00 79.50 0.00 43.50 0.00 49.50 0.00 0.0103329
4 67.50 0.00 66.00 0.00 61.50 0.00 63.00 0.00 0.187067
4 79.50 0.00 72.00 0.00 49.50 0.00 57.00 0.00 0.0685244
4 79.50 0.00 73.50 0.00 49.50 0.00 55.50 0.00 0.0338752
4 78.00 0.00 73.50 0.00 51.00 0.00 55.50 0.00 0.0231961
4 91.50 0.00 82.50 0.00 37.50 0.00 46.50 0.00 0.0145665
4 73.50 0.00 67.50 0.00 55.50 0.00 61.50 0.00 0.228194
4 76.50 0.00 70.50 0.00 52.50 0.00 58.50 0.00 0.0850749
4 73.50 0.00 69.00 0.00 55.50 0.00 60.00 0.00 0.0926
4 76.50 0.00 73.50 0.00 52.50 0.00 55.50 0.00 0.0113071
4 82.50 0.00 78.00 0.00 46.50 0.00 51.00 0.00 0.007448
4 75.00 0.00 72.00 0.00 54.00 0.00 57.00 0.00 0.0194962
4 94.50 0.00 87.00 0.00 34.50 0.00 42.00 0.00 0.00697576
4 94.50 0.00 88.50 0.00 34.50 0.00 40.50 0.00 0.00452915
4 82.50 0.00 76.50 0.00 46.50 0.00 52.50 0.00 0.0179474
4 72.00 0.00 69.00 0.00 57.00 0.00 60.00 0.00 0.0509138
4 70.50 0.00 67.50 0.00 58.50 0.00 61.50 0.00 0.0894132
4 70.50 0.00 69.00 0.00 58.50 0.00 60.00 0.00 0.0140078
4 91.50 0.00 85.50 0.00 37.50 0.00 43.50 0.00 0.00568122
4 79.50 0.00 76.50 0.00 49.50 0.00 52.50 0.00 0.00628473
4 88.50 0.00 82.50 0.00 40.50 0.00 46.50 0.00 0.00695145
4 78.00 0.00 75.00 0.00 51.00 0.00 54.00 0.00 0.00856769
4 78.00 0.00 69.00 0.00 51.00 0.00 60.00 0.00 0.202016
4 87.00 0.00 82.50 0.00 42.00 0.00 46.50 0.00 0.00443979
4 73.50 0.00 70.50 0.00 55.50 0.00 58.50 0.00 0.0352498
4 72.00 0.00 70.50 0.00 57.00 0.00 58.50 0.00 0.0118198
4 87.00 0.00 78.00 0.00 42.00 0.00 51.00 0.00 0.0235265
4 82.50 0.00 73.50 0.00 46.50 0.00 55.50 0.00 0.0559451
4 87.00 0.00 79.50 0.00 42.00 0.00 49.50 0.00 0.0148188
4 69.00 0.00 66.00 0.00 60.00 0.00 63.00 0.00 0.356633
4 69.00 0.00 67.50 0.00 60.00 0.00 61.50 0.00 0.0337323
4 70.50 0.00 69.00 0.00 60.00 0.00 61.50 0.00 0.0203977
4 69.00 0.00 67.50 0.00 61.50 0.00 63.00 0.00 0.0768731
4 76.50 0.00 69.00 0.00 54.00 0.00 61.50 0.00 0.206623
4 67.50 0.00 66.00 0.00 63.00 0.00 64.50 0.00 0.87097
4 85.50 0.00 81.00 0.00 45.00 0.00 49.50 0.00 0.00603219
4 91.50 0.00 84.00 0.00 39.00 0.00 46.50 0.00 0.0105866
4 84.00 0.00 76.50 0.00 46.50 0.00 54.00 0.00 0.0281308
4 76.50 0.00 72.00 0.00 54.00 0.00 58.50 0.00 0.0446475
4 72.00 0.00 67.50 0.00 58.50 0.00 63.00 0.00 0.263338
4 72.00 0.00 70.50 0.00 58.50 0.00 60.00 0.00 0.0119137
4 81.00 0.00 76.50 0.00 49.50 0.00 54.00 0.00 0.0133078
4 81.00 0.00 78.00 0.00 51.00 0.00 54.00 0.00 0.00522798
4 81.00 0.00 75.00 0.00 51.00 0.00 57.00 0.00 0.0319784
4 88.50 0.00 84.00 0.00 43.50 0.00 48.00 0.00 0.00453377
4 79.50 0.00 75.00 0.00 52.50 0.00 57.00 0.00 0.0210554
4 72.00 0.00 69.00 0.00 60.00 0.00 63.00 0.00 0.10528
4 79.50 0.00 76.50 0.00 52.50 0.00 55.50 0.00 0.00834934
4 88.50 0.00 79.50 0.00 43.50 0.00 52.50 0.00 0.0243931
4 72.00 0.00 70.50 0.00 60.00 0.00 61.50 0.00 0.0164197
4 79.50 0.00 70.50 0.00 52.50 0.00 61.50 0.00 0.193405
4 88.50 0.00 81.00 0.00 43.50 0.00 51.00 0.00 0.0150457
4 70.50 0.00 69.00 0.00 61.50 0.00 63.00 0.00 0.0393977
4 78.00 0.00 72.00 0.00 54.00 0.00 60.00 0.00 0.078714
4 70.50 0.00 67.50 0.00 61.50 0.00 64.50 0.00 0.318613
4 78.00 0.00 75.00 0.00 54.00 0.00 57.00 0.00 0.0113882
4 69.00 0.00 67.50 0.00 63.00 0.00 64.50 0.00 0.145944
4 81.00 0.00 73.50 0.00 51.00 0.00 58.50 0.00 0.0656425
4 75.00 0.00 69.00 0.00 57.00 0.00 63.00 0.00 0.240072
4 75.00 0.00 70.50 0.00 57.00 0.00 61.50 0.00 0.090567
4 75.00 0.00 72.00 0.00 57.00 0.00 60.00 0.00 0.0305298
4 93.00 0.00 84.00 0.00 39.00 0.00 48.00 0.00 0.0157763
4 87.00 0.00 81.00 0.00 45.00 0.00 51.00 0.00 0.0107625
4 93.00 0.00 87.00 0.00 39.00 0.00 45.00 0.00 0.00605703
4 84.00 0.00 78.00 0.00 48.00 0.00 54.00 0.00 0.0163569
4 90.00 0.00 84.00 0.00 42.00 0.00 48.00 0.00 0.00793121
4 84.00 0.00 79.50 0.00 48.00 0.00 52.50 0.00 0.00806109
4 73.50 0.00 70.50 0.00 58.50 0.00 61.50 0.00 0.0494895
4 76.50 0.00 73.50 0.00 55.50 0.00 58.50 0.00 0.0179462
4 73.50 0.00 72.00 0.00 58.50 0.00 60.00 0.00 0.00914879
4 84.00 0.00 75.00 0.00 48.00 0.00 57.00 0.00 0.0540957
4 82.50 0.00 78.00 0.00 51.00 0.00 55.50 0.00 0.0116838
4 73.50 0.00 72.00 0.00 60.00 0.00 61.50 0.00 0.0120687
4 73.50 0.00 69.00 0.00 60.00 0.00 64.50 0.00 0.255902
4 72.00 0.00 70.50 0.00 61.50 0.00 63.00 0.00 0.0295133
4 78.00 0.00 73.50 0.00 55.50 0.00 60.00 0.00 0.0400237
4 70.50 0.00 69.00 0.00 63.00 0.00 64.50 0.00 0.0565199
4 78.00 0.00 70.50 0.00 55.50 0.00 63.00 0.00 0.222393
4 69.00 0.00 67.50 0.00 64.50 0.00 66.00 0.00 0.972605
4 87.00 0.00 82.50 0.00 46.50 0.00 51.00 0.00 0.00595484
4 93.00 0.00 85.50 0.00 40.50 0.00 48.00 0.00 0.0109073
4 85.50 0.00 78.00 0.00 48.00 0.00 55.50 0.00 0.0265164
4 94.50 0.00 88.50 0.00 40.50 0.00 46.50 0.00 0.00689851
4 82.50 0.00 75.00 0.00 52.50 0.00 60.00 0.00 0.0589537
4 94.50 0.00 85.50 0.00 40.50 0.00 49.50 0.00 0.0170624
4 85.50 0.00 81.00 0.00 49.50 0.00 54.00 0.00 0.00846007
4 85.50 0.00 76.50 0.00 49.50 0.00 58.50 0.00 0.0563918
4 75.00 0.00 72.00 0.00 60.00 0.00 63.00 0.00 0.0533707
4 75.00 0.00 73.50 0.00 60.00 0.00 61.50 0.00 0.00786395
4 85.50 0.00 79.50 0.00 49.50 0.00 55.50 0.00 0.0165857
4 91.50 0.00 85.50 0.00 43.50 0.00 49.50 0.00 0.00848672
4 78.00 0.00 75.00 0.00 57.00 0.00 60.00 0.00 0.017132
4 82.50 0.00 79.50 0.00 52.50 0.00 55.50 0.00 0.00475782
4 82.50 0.00 76.50 0.00 52.50 0.00 58.50 0.00 0.032681
4 73.50 0.00 70.50 0.00 61.50 0.00 64.50 0.00 0.11138
4 81.00 0.00 78.00 0.00 54.00 0.00 57.00 0.00 0.00668339
4 90.00 0.00 85.50 0.00 45.00 0.00 49.50 0.00 0.00538191
4 73.50 0.00 72.00 0.00 61.50 0.00 63.00 0.00 0.0206142
4 81.00 0.00 72.00 0.00 54.00 0.00 63.00 0.00 0.188194
4 90.00 0.00 81.00 0.00 45.00 0.00 54.00 0.00 0.0267685
4 90.00 0.00 82.50 0.00 45.00 0.00 52.50 0.00 0.0171566
4 79.50 0.00 73.50 0.00 55.50 0.00 61.50 0.00 0.0683638
4 81.00 0.00 76.50 0.00 54.00 0.00 58.50 0.00 0.0220055
4 72.00 0.00 69.00 0.00 63.00 0.00 66.00 0.00 0.3317
4 79.50 0.00 76.50 0.00 55.50 0.00 58.50 0.00 0.0124949
4 72.00 0.00 70.50 0.00 63.00 0.00 64.50 0.00 0.0371518
4 70.50 0.00 69.00 0.00 64.50 0.00 66.00 0.00 0.161039
4 76.50 0.00 72.00 0.00 58.50 0.00 63.00 0.00 0.08577
4 76.50 0.00 73.50 0.00 58.50 0.00 61.50 0.00 0.0230079
4 76.50 0.00 70.50 0.00 58.50 0.00 64.50 0.00 0.228029
4 88.50 0.00 82.50 0.00 46.50 0.00 52.50 0.00 0.0113583
4 70.50 0.00 69.00 0.00 66.00 0.00 67.50 0.00 0.671409
4 88.50 0.00 84.00 0.00 48.00 0.00 52.50 0.00 0.00637176
4 94.50 0.00 87.00 0.00 42.00 0.00 49.50 0.00 0.0116698
4 87.00 0.00 79.50 0.00 49.50 0.00 57.00 0.00 0.0264505
4 75.00 0.00 73.50 0.00 61.50 0.00 63.00 0.00 0.012858
4 79.50 0.00 75.00 0.00 57.00 0.00 61.50 0.00 0.0357355
4 75.00 0.00 70.50 0.00 61.50 0.00 66.00 0.00 0.28319
4 84.00 0.00 79.50 0.00 52.50 0.00 57.00 0.00 0.011437
4 73.50 0.00 72.00 0.00 63.00 0.00 64.50 0.00 0.024231
4 72.00 0.00 70.50 0.00 64.50 0.00 66.00 0.00 0.0773498
4 79.50 0.00 72.00 0.00 57.00 0.00 64.50 0.00 0.201947
4 91.50 0.00 84.00 0.00 46.50 0.00 54.00 0.00 0.0181384
4 82.50 0.00 79.50 0.00 55.50 0.00 58.50 0.00 0.00697229
4 91.50 0.00 87.00 0.00 46.50 0.00 51.00 0.00 0.005498
4 73.50 0.00 70.50 0.00 64.50 0.00 67.50 0.00 0.376663
4 73.50 0.00 72.00 0.00 64.50 0.00 66.00 0.00 0.0435779
4 91.50 0.00 82.50 0.00 46.50 0.00 55.50 0.00 0.0281393
4 78.00 0.00 75.00 0.00 60.00 0.00 63.00 0.00 0.0267346
4 90.00 0.00 84.00 0.00 48.00 0.00 54.00 0.00 0.0122726
4 76.50 0.00 75.00 0.00 61.50 0.00 63.00 0.00 0.0080734
4 72.00 0.00 70.50 0.00 66.00 0.00 67.50 0.00 0.17945
4 87.00 0.00 78.00 0.00 51.00 0.00 60.00 0.00 0.0508373
4 84.00 0.00 78.00 0.00 54.00 0.00 60.00 0.00 0.0277891
4 84.00 0.00 76.50 0.00 54.00 0.00 61.50 0.00 0.0570038
4 78.00 0.00 72.00 0.00 60.00 0.00 66.00 0.00 0.231232
4 82.50 0.00 78.00 0.00 55.50 0.00 60.00 0.00 0.0178182
4 78.00 0.00 73.50 0.00 60.00 0.00 64.50 0.00 0.0794616
4 81.00 0.00 78.00 0.00 57.00 0.00 60.00 0.00 0.0091378
4 76.50 0.00 73.50 0.00 61.50 0.00 64.50 0.00 0.0443158
4 87.00 0.00 81.00 0.00 51.00 0.00 57.00 0.00 0.0174368
4 87.00 0.00 82.50 0.00 51.00 0.00 55.50 0.00 0.00912648
4 81.00 0.00 75.00 0.00 57.00 0.00 63.00 0.00 0.0665859
4 79.50 0.00 76.50 0.00 58.50 0.00 61.50 0.00 0.0150987
4 75.00 0.00 72.00 0.00 63.00 0.00 66.00 0.00 0.10591
4 75.00 0.00 73.50 0.00 63.00 0.00 64.50 0.00 0.014385
4 93.00 0.00 87.00 0.00 45.00 0.00 51.00 0.00 0.00884637
4 84.00 0.00 81.00 0.00 54.00 0.00 57.00 0.00 0.00518336
4 82.50 0.00 73.50 0.00 55.50 0.00 64.50 0.00 0.167039
4 81.00 0.00 73.50 0.00 58.50 0.00 66.00 0.00 0.183422
4 90.00 0.00 85.50 0.00 49.50 0.00 54.00 0.00 0.00699058
4 73.50 0.00 72.00 0.00 66.00 0.00 67.50 0.00 0.0764288
4 72.00 0.00 70.50 0.00 67.50 0.00 69.00 0.00 0.837915
4 76.50 0.00 75.00 0.00 63.00 0.00 64.50 0.00 0.00879819
4 88.50 0.00 81.00 0.00 51.00 0.00 58.50 0.00 0.0283125
4 81.00 0.00 76.50 0.00 58.50 0.00 63.00 0.00 0.035706
4 76.50 0.00 72.00 0.00 63.00 0.00 67.50 0.00 0.261366
4 75.00 0.00 73.50 0.00 64.50 0.00 66.00 0.00 0.0238675
4 85.50 0.00 81.00 0.00 54.00 0.00 58.50 0.00 0.0126688
4 82.50 0.00 79.50 0.00 58.50 0.00 61.50 0.00 0.00788783
4 76.50 0.00 73.50 0.00 64.50 0.00 67.50 0.00 0.0940674
4 85.50 0.00 82.50 0.00 55.50 0.00 58.50 0.00 0.00569609
4 75.00 0.00 72.00 0.00 66.00 0.00 69.00 0.00 0.392065
4 75.00 0.00 73.50 0.00 66.00 0.00 67.50 0.00 0.0362216
4 94.50 0.00 88.50 0.00 46.50 0.00 52.50 0.00 0.00946301
4 93.00 0.00 88.50 0.00 48.00 0.00 52.50 0.00 0.00603071
4 81.00 0.00 78.00 0.00 60.00 0.00 63.00 0.00 0.0134788
4 93.00 0.00 84.00 0.00 48.00 0.00 57.00 0.00 0.0292393
4 93.00 0.00 85.50 0.00 48.00 0.00 55.50 0.00 0.0185593
4 79.50 0.00 76.50 0.00 61.50 0.00 64.50 0.00 0.0266376
4 91.50 0.00 85.50 0.00 49.50 0.00 55.50 0.00 0.0126908
4 79.50 0.00 75.00 0.00 61.50 0.00 66.00 0.00 0.078356
4 73.50 0.00 72.00 0.00 67.50 0.00 69.00 0.00 0.204232
4 88.50 0.00 79.50 0.00 52.50 0.00 61.50 0.00 0.048589
4 78.00 0.00 75.00 0.00 63.00 0.00 66.00 0.00 0.0451287
4 78.00 0.00 76.50 0.00 63.00 0.00 64.50 0.00 0.00871651
4 76.50 0.00 75.00 0.00 64.50 0.00 66.00 0.00 0.0139982
4 85.50 0.00 78.00 0.00 55.50 0.00 63.00 0.00 0.0526848
4 85.50 0.00 79.50 0.00 55.50 0.00 61.50 0.00 0.0267436
4 79.50 0.00 73.50 0.00 61.50 0.00 67.50 0.00 0.212231
4 84.00 0.00 79.50 0.00 57.00 0.00 61.50 0.00 0.0168665
4 84.00 0.00 81.00 0.00 57.00 0.00 60.00 0.00 0.00680962
4 84.00 0.00 75.00 0.00 57.00 0.00 66.00 0.00 0.161272
4 88.50 0.00 82.50 0.00 52.50 0.00 58.50 0.00 0.0179908
4 88.50 0.00 84.00 0.00 52.50 0.00 57.00 0.00 0.00859537
4 82.50 0.00 76.50 0.00 58.50 0.00 64.50 0.00 0.0624239
4 78.00 0.00 73.50 0.00 64.50 0.00 69.00 0.00 0.266498
4 75.00 0.00 73.50 0.00 67.50 0.00 69.00 0.00 0.0753998
4 90.00 0.00 82.50 0.00 52.50 0.00 60.00 0.00 0.0290609
4 82.50 0.00 75.00 0.00 60.00 0.00 67.50 0.00 0.175775
4 82.50 0.00 78.00 0.00 60.00 0.00 64.50 0.00 0.0296619
4 91.50 0.00 87.00 0.00 51.00 0.00 55.50 0.00 0.00762021
4 78.00 0.00 76.50 0.00 64.50 0.00 66.00 0.00 0.0134298
4 87.00 0.00 82.50 0.00 55.50 0.00 60.00 0.00 0.0122336
4 73.50 0.00 72.00 0.00 69.00 0.00 70.50 0.00 0.817846
4 76.50 0.00 75.00 0.00 66.00 0.00 67.50 0.00 0.0198475
4 79.50 0.00 76.50 0.00 64.50 0.00 67.50 0.00 0.0475433
4 78.00 0.00 75.00 0.00 66.00 0.00 69.00 0.00 0.103456
4 78.00 0.00 76.50 0.00 66.00 0.00 67.50 0.00 0.0177942
4 87.00 0.00 81.00 0.00 57.00 0.00 63.00 0.00 0.0287445
4 90.00 0.00 85.50 0.00 54.00 0.00 58.50 0.00 0.00996949
4 87.00 0.00 84.00 0.00 57.00 0.00 60.00 0.00 0.00552412
4 85.50 0.00 82.50 0.00 58.50 0.00 61.50 0.00 0.0062178
4 87.00 0.00 79.50 0.00 57.00 0.00 64.50 0.00 0.0511485
4 76.50 0.00 75.00 0.00 67.50 0.00 69.00 0.00 0.0359815
4 85.50 0.00 81.00 0.00 58.50 0.00 63.00 0.00 0.0175922
4 94.50 0.00 90.00 0.00 49.50 0.00 54.00 0.00 0.00545433
4 85.50 0.00 76.50 0.00 58.50 0.00 67.50 0.00 0.158864
4 84.00 0.00 81.00 0.00 60.00 0.00 63.00 0.00 0.00928461
4 84.00 0.00 78.00 0.00 60.00 0.00 66.00 0.00 0.0561398
4 90.00 0.00 84.00 0.00 54.00 0.00 60.00 0.00 0.0188004
4 76.50 0.00 73.50 0.00 67.50 0.00 70.50 0.00 0.36467
4 82.50 0.00 79.50 0.00 61.50 0.00 64.50 0.00 0.0127131
4 75.00 0.00 73.50 0.00 69.00 0.00 70.50 0.00 0.183702
4 90.00 0.00 81.00 0.00 54.00 0.00 63.00 0.00 0.0532857
4 94.50 0.00 85.50 0.00 49.50 0.00 58.50 0.00 0.0309533
4 94.50 0.00 87.00 0.00 49.50 0.00 57.00 0.00 0.0188591
4 81.00 0.00 75.00 0.00 63.00 0.00 69.00 0.00 0.20753
4 81.00 0.00 76.50 0.00 63.00 0.00 67.50 0.00 0.0756504
4 81.00 0.00 78.00 0.00 63.00 0.00 66.00 0.00 0.0204789
4 93.00 0.00 87.00 0.00 51.00 0.00 57.00 0.00 0.0137383
4 79.50 0.00 78.00 0.00 64.50 0.00 66.00 0.00 0.00692092
4 75.00 0.00 73.50 0.00 70.50 0.00 72.00 0.00 0.909853
4 93.00 0.00 88.50 0.00 52.50 0.00 57.00 0.00 0.00795081
4 79.50 0.00 75.00 0.00 66.00 0.00 70.50 0.00 0.267353
4 79.50 0.00 78.00 0.00 66.00 0.00 67.50 0.00 0.00908392
4 88.50 0.00 84.00 0.00 57.00 0.00 61.50 0.00 0.0116907
4 78.00 0.00 76.50 0.00 67.50 0.00 69.00 0.00 0.0298773
4 76.50 0.00 75.00 0.00 69.00 0.00 70.50 0.00 0.0694791
4 91.50 0.00 84.00 0.00 54.00 0.00 61.50 0.00 0.0295282
4 84.00 0.00 79.50 0.00 61.50 0.00 66.00 0.00 0.0302596
4 84.00 0.00 76.50 0.00 61.50 0.00 69.00 0.00 0.184933
4 91.50 0.00 87.00 0.00 55.50 0.00 60.00 0.00 0.0102997
4 85.50 0.00 82.50 0.00 61.50 0.00 64.50 0.00 0.00942702
4 84.00 0.00 81.00 0.00 63.00 0.00 66.00 0.00 0.0129396
4 91.50 0.00 82.50 0.00 55.50 0.00 64.50 0.00 0.0536993
4 91.50 0.00 85.50 0.00 55.50 0.00 61.50 0.00 0.0192625
4 82.50 0.00 78.00 0.00 64.50 0.00 69.00 0.00 0.0667169
4 82.50 0.00 79.50 0.00 64.50 0.00 67.50 0.00 0.0201088
4 94.50 0.00 88.50 0.00 52.50 0.00 58.50 0.00 0.0146352
4 82.50 0.00 76.50 0.00 64.50 0.00 70.50 0.00 0.22117
4 81.00 0.00 78.00 0.00 66.00 0.00 69.00 0.00 0.0385443
4 81.00 0.00 79.50 0.00 66.00 0.00 67.50 0.00 0.00605711
4 79.50 0.00 78.00 0.00 67.50 0.00 69.00 0.00 0.0143716
4 88.50 0.00 85.50 0.00 58.50 0.00 61.50 0.00 0.00470531
4 79.50 0.00 76.50 0.00 67.50 0.00 70.50 0.00 0.115231
4 88.50 0.00 81.00 0.00 58.50 0.00 66.00 0.00 0.0513471
4 88.50 0.00 82.50 0.00 58.50 0.00 64.50 0.00 0.0268466
4 78.00 0.00 75.00 0.00 69.00 0.00 72.00 0.00 0.456468
4 78.00 0.00 76.50 0.00 69.00 0.00 70.50 0.00 0.049539
4 76.50 0.00 75.00 0.00 70.50 0.00 72.00 0.00 0.216687
4 87.00 0.00 82.50 0.00 60.00 0.00 64.50 0.00 0.0178269
4 87.00 0.00 84.00 0.00 60.00 0.00 63.00 0.00 0.00710239
4 87.00 0.00 78.00 0.00 60.00 0.00 69.00 0.00 0.147101
4 85.50 0.00 79.50 0.00 61.50 0.00 67.50 0.00 0.0555598
4 76.50 0.00 75.00 0.00 72.00 0.00 73.50 0.00 0.828203
4 94.50 0.00 90.00 0.00 54.00 0.00 58.50 0.00 0.00788363
4 93.00 0.00 85.50 0.00 55.50 0.00 63.00 0.00 0.0312774
4 85.50 0.00 78.00 0.00 63.00 0.00 70.50 0.00 0.162085
4 85.50 0.00 81.00 0.00 63.00 0.00 67.50 0.00 0.0299736
4 90.00 0.00 85.50 0.00 58.50 0.00 63.00 0.00 0.0130008
4 81.00 0.00 79.50 0.00 67.50 0.00 69.00 0.00 0.00906852
4 81.00 0.00 76.50 0.00 67.50 0.00 72.00 0.00 0.325218
4 79.50 0.00 78.00 0.00 69.00 0.00 70.50 0.00 0.0214575
4 78.00 0.00 76.50 0.00 70.50 0.00 72.00 0.00 0.120684
4 79.50 0.00 76.50 0.00 70.50 0.00 73.50 0.00 0.56087
4 79.50 0.00 78.00 0.00 70.50 0.00 72.00 0.00 0.0440484
4 78.00 0.00 76.50 0.00 72.00 0.00 73.50 0.00 0.30553
4 88.50 0.00 85.50 0.00 61.50 0.00 64.50 0.00 0.00669752
4 88.50 0.00 79.50 0.00 61.50 0.00 70.50 0.00 0.146886
4 88.50 0.00 84.00 0.00 61.50 0.00 66.00 0.00 0.0183161
4 87.00 0.00 84.00 0.00 63.00 0.00 66.00 0.00 0.00927134
4 87.00 0.00 81.00 0.00 63.00 0.00 69.00 0.00 0.057792
4 93.00 0.00 87.00 0.00 57.00 0.00 63.00 0.00 0.0202871
4 93.00 0.00 88.50 0.00 57.00 0.00 61.50 0.00 0.0106413
4 85.50 0.00 82.50 0.00 64.50 0.00 67.50 0.00 0.0134401
4 93.00 0.00 84.00 0.00 57.00 0.00 66.00 0.00 0.0557089
4 84.00 0.00 78.00 0.00 66.00 0.00 72.00 0.00 0.205703
4 84.00 0.00 79.50 0.00 66.00 0.00 70.50 0.00 0.0657581
4 84.00 0.00 81.00 0.00 66.00 0.00 69.00 0.00 0.0214059
4 82.50 0.00 79.50 0.00 67.50 0.00 70.50 0.00 0.0382871
4 82.50 0.00 81.00 0.00 67.50 0.00 69.00 0.00 0.00685931
4 81.00 0.00 78.00 0.00 69.00 0.00 72.00 0.00 0.101857
4 81.00 0.00 79.50 0.00 69.00 0.00 70.50 0.00 0.0127424
4 90.00 0.00 87.00 0.00 60.00 0.00 63.00 0.00 0.00598533
4 90.00 0.00 82.50 0.00 60.00 0.00 67.50 0.00 0.0547187
4 90.00 0.00 84.00 0.00 60.00 0.00 66.00 0.00 0.0299585
4 82.50 0.00 81.00 0.00 69.00 0.00 70.50 0.00 0.00947538
4 81.00 0.00 79.50 0.00 70.50 0.00 72.00 0.00 0.0237058
4 79.50 0.00 78.00 0.00 72.00 0.00 73.50 0.00 0.0907689
4 94.50 0.00 87.00 0.00 57.00 0.00 64.50 0.00 0.030577
4 87.00 0.00 82.50 0.00 64.50 0.00 69.00 0.00 0.0324819
4 87.00 0.00 79.50 0.00 64.50 0.00 72.00 0.00 0.174879
4 78.00 0.00 76.50 0.00 73.50 0.00 75.00 0.00 1.06859
4 82.50 0.00 78.00 0.00 69.00 0.00 73.50 0.00 0.288375
4 91.50 0.00 87.00 0.00 60.00 0.00 64.50 0.00 0.0133308
4 79.50 0.00 78.00 0.00 73.50 0.00 75.00 0.00 0.196858
4 84.00 0.00 82.50 0.00 69.00 0.00 70.50 0.00 0.00692364
4 85.50 0.00 79.50 0.00 67.50 0.00 73.50 0.00 0.220646
4 84.00 0.00 81.00 0.00 69.00 0.00 72.00 0.00 0.0441198
4 82.50 0.00 79.50 0.00 70.50 0.00 73.50 0.00 0.109438
4 82.50 0.00 81.00 0.00 70.50 0.00 72.00 0.00 0.0163089
4 91.50 0.00 88.50 0.00 61.50 0.00 64.50 0.00 0.00660656
4 91.50 0.00 84.00 0.00 61.50 0.00 69.00 0.00 0.0588473
4 91.50 0.00 85.50 0.00 61.50 0.00 67.50 0.00 0.0315668
4 90.00 0.00 85.50 0.00 63.00 0.00 67.50 0.00 0.0193471
4 81.00 0.00 79.50 0.00 72.00 0.00 73.50 0.00 0.0428897
4 90.00 0.00 87.00 0.00 63.00 0.00 66.00 0.00 0.00747419
4 90.00 0.00 81.00 0.00 63.00 0.00 72.00 0.00 0.164718
4 94.50 0.00 90.00 0.00 58.50 0.00 63.00 0.00 0.00939127
4 88.50 0.00 85.50 0.00 64.50 0.00 67.50 0.00 0.00926119
4 88.50 0.00 82.50 0.00 64.50 0.00 70.50 0.00 0.0596822
4 94.50 0.00 88.50 0.00 58.50 0.00 64.50 0.00 0.0196156
4 87.00 0.00 84.00 0.00 66.00 0.00 69.00 0.00 0.0141422
4 94.50 0.00 85.50 0.00 58.50 0.00 67.50 0.00 0.0550293
4 81.00 0.00 78.00 0.00 72.00 0.00 75.00 0.00 0.407152
4 85.50 0.00 81.00 0.00 67.50 0.00 72.00 0.00 0.0753973
4 85.50 0.00 82.50 0.00 67.50 0.00 70.50 0.00 0.0227195
4 88.50 0.00 81.00 0.00 66.00 0.00 73.50 0.00 0.192833
4 81.00 0.00 79.50 0.00 73.50 0.00 75.00 0.00 0.0766715
4 93.00 0.00 88.50 0.00 61.50 0.00 66.00 0.00 0.0149564
4 84.00 0.00 82.50 0.00 70.50 0.00 72.00 0.00 0.011307
4 79.50 0.00 78.00 0.00 75.00 0.00 76.50 0.00 0.543337
4 82.50 0.00 81.00 0.00 72.00 0.00 73.50 0.00 0.0268258
4 84.00 0.00 79.50 0.00 70.50 0.00 75.00 0.00 0.280741
4 88.50 0.00 84.00 0.00 66.00 0.00 70.50 0.00 0.0325643
4 84.00 0.00 81.00 0.00 72.00 0.00 75.00 0.00 0.110046
4 93.00 0.00 90.00 0.00 63.00 0.00 66.00 0.00 0.00592737
4 82.50 0.00 81.00 0.00 73.50 0.00 75.00 0.00 0.0416709
4 88.50 0.00 85.50 0.00 67.50 0.00 70.50 0.00 0.0144444
4 82.50 0.00 79.50 0.00 73.50 0.00 76.50 0.00 0.337178
4 87.00 0.00 84.00 0.00 69.00 0.00 72.00 0.00 0.025832
4 87.00 0.00 82.50 0.00 69.00 0.00 73.50 0.00 0.0840663
4 85.50 0.00 82.50 0.00 70.50 0.00 73.50 0.00 0.0501499
4 85.50 0.00 84.00 0.00 70.50 0.00 72.00 0.00 0.00867862
4 81.00 0.00 79.50 0.00 75.00 0.00 76.50 0.00 0.151514
4 93.00 0.00 87.00 0.00 63.00 0.00 69.00 0.00 0.0328924
4 84.00 0.00 82.50 0.00 72.00 0.00 73.50 0.00 0.0174901
4 91.50 0.00 88.50 0.00 64.50 0.00 67.50 0.00 0.00882353
4 93.00 0.00 85.50 0.00 63.00 0.00 70.50 0.00 0.0613515
4 91.50 0.00 87.00 0.00 64.50 0.00 69.00 0.00 0.0215602
4 90.00 0.00 87.00 0.00 66.00 0.00 69.00 0.00 0.0108226
4 91.50 0.00 82.50 0.00 64.50 0.00 73.50 0.00 0.184679
4 87.00 0.00 81.00 0.00 69.00 0.00 75.00 0.00 0.23221
4 90.00 0.00 84.00 0.00 66.00 0.00 72.00 0.00 0.0694106
4 90.00 0.00 85.50 0.00 67.50 0.00 72.00 0.00 0.0399504
4 85.50 0.00 81.00 0.00 72.00 0.00 76.50 0.00 0.263825
4 94.50 0.00 90.00 0.00 63.00 0.00 67.50 0.00 0.0130986
4 84.00 0.00 82.50 0.00 73.50 0.00 75.00 0.00 0.0243433
4 85.50 0.00 84.00 0.00 72.00 0.00 73.50 0.00 0.0127995
4 82.50 0.00 81.00 0.00 75.00 0.00 76.50 0.00 0.0671826
4 90.00 0.00 82.50 0.00 67.50 0.00 75.00 0.00 0.20958
4 81.00 0.00 79.50 0.00 76.50 0.00 78.00 0.00 0.919391
4 82.50 0.00 81.00 0.00 76.50 0.00 78.00 0.00 0.2333
4 94.50 0.00 87.00 0.00 64.50 0.00 72.00 0.00 0.0680107
4 94.50 0.00 88.50 0.00 64.50 0.00 70.50 0.00 0.0323694
4 93.00 0.00 88.50 0.00 66.00 0.00 70.50 0.00 0.0240578
4 88.50 0.00 82.50 0.00 70.50 0.00 76.50 0.00 0.22566
4 91.50 0.00 85.50 0.00 67.50 0.00 73.50 0.00 0.0805478
4 88.50 0.00 84.00 0.00 70.50 0.00 75.00 0.00 0.0887809
4 91.50 0.00 88.50 0.00 67.50 0.00 70.50 0.00 0.0130352
4 90.00 0.00 87.00 0.00 69.00 0.00 72.00 0.00 0.0185005
4 87.00 0.00 84.00 0.00 72.00 0.00 75.00 0.00 0.052373
4 85.50 0.00 82.50 0.00 73.50 0.00 76.50 0.00 0.0984053
4 85.50 0.00 84.00 0.00 73.50 0.00 75.00 0.00 0.0168364
4 94.50 0.00 91.50 0.00 64.50 0.00 67.50 0.00 0.00568581
4 93.00 0.00 90.00 0.00 66.00 0.00 69.00 0.00 0.00841027
4 93.00 0.00 84.00 0.00 66.00 0.00 75.00 0.00 0.199013
4 88.50 0.00 85.50 0.00 70.50 0.00 73.50 0.00 0.0290316
4 87.00 0.00 85.50 0.00 72.00 0.00 73.50 0.00 0.00993092
4 84.00 0.00 81.00 0.00 75.00 0.00 78.00 0.00 0.42594
4 84.00 0.00 82.50 0.00 75.00 0.00 76.50 0.00 0.0348074
4 84.00 0.00 82.50 0.00 76.50 0.00 78.00 0.00 0.0908897
4 91.50 0.00 84.00 0.00 69.00 0.00 76.50 0.00 0.218582
4 82.50 0.00 81.00 0.00 78.00 0.00 79.50 0.00 0.916369
4 91.50 0.00 87.00 0.00 69.00 0.00 73.50 0.00 0.046546
4 87.00 0.00 82.50 0.00 73.50 0.00 78.00 0.00 0.306794
4 87.00 0.00 85.50 0.00 73.50 0.00 75.00 0.00 0.0127841
4 85.50 0.00 84.00 0.00 75.00 0.00 76.50 0.00 0.0226304
4 94.50 0.00 85.50 0.00 67.50 0.00 76.50 0.00 0.207716
4 87.00 0.00 85.50 0.00 75.00 0.00 76.50 0.00 0.016261
4 94.50 0.00 90.00 0.00 67.50 0.00 72.00 0.00 0.0245471
4 94.50 0.00 91.50 0.00 67.50 0.00 70.50 0.00 0.0046864
4 87.00 0.00 84.00 0.00 75.00 0.00 78.00 0.00 0.127672
4 85.50 0.00 84.00 0.00 76.50 0.00 78.00 0.00 0.0527228
4 93.00 0.00 87.00 0.00 69.00 0.00 75.00 0.00 0.0871787
4 93.00 0.00 90.00 0.00 69.00 0.00 72.00 0.00 0.0131733
4 85.50 0.00 82.50 0.00 76.50 0.00 79.50 0.00 0.379326
4 84.00 0.00 82.50 0.00 78.00 0.00 79.50 0.00 0.163262
4 90.00 0.00 84.00 0.00 72.00 0.00 78.00 0.00 0.281249
4 90.00 0.00 85.50 0.00 72.00 0.00 76.50 0.00 0.0945097
4 90.00 0.00 87.00 0.00 72.00 0.00 75.00 0.00 0.033293
4 88.50 0.00 85.50 0.00 73.50 0.00 76.50 0.00 0.0485059
4 91.50 0.00 88.50 0.00 70.50 0.00 73.50 0.00 0.0238772
4 88.50 0.00 87.00 0.00 73.50 0.00 75.00 0.00 0.00864306
4 88.50 0.00 87.00 0.00 75.00 0.00 76.50 0.00 0.0107671
4 88.50 0.00 84.00 0.00 75.00 0.00 79.50 0.00 0.306712
4 87.00 0.00 85.50 0.00 76.50 0.00 78.00 0.00 0.0360718
4 93.00 0.00 88.50 0.00 70.50 0.00 75.00 0.00 0.0533782
4 85.50 0.00 84.00 0.00 78.00 0.00 79.50 0.00 0.0731043
4 93.00 0.00 85.50 0.00 70.50 0.00 78.00 0.00 0.261474
4 84.00 0.00 82.50 0.00 79.50 0.00 81.00 0.00 0.972264
4 90.00 0.00 87.00 0.00 75.00 0.00 78.00 0.00 0.0679429
4 90.00 0.00 88.50 0.00 75.00 0.00 76.50 0.00 0.0112812
4 93.00 0.00 90.00 0.00 72.00 0.00 75.00 0.00 0.0222397
4 88.50 0.00 85.50 0.00 76.50 0.00 79.50 0.00 0.131518
4 88.50 0.00 87.00 0.00 76.50 0.00 78.00 0.00 0.0226991
4 94.50 0.00 88.50 0.00 70.50 0.00 76.50 0.00 0.0976544
4 94.50 0.00 91.50 0.00 70.50 0.00 73.50 0.00 0.017928
4 87.00 0.00 84.00 0.00 78.00 0.00 81.00 0.00 0.378867
4 87.00 0.00 85.50 0.00 78.00 0.00 79.50 0.00 0.0456167
4 85.50 0.00 84.00 0.00 79.50 0.00 81.00 0.00 0.172352
4 91.50 0.00 87.00 0.00 73.50 0.00 78.00 0.00 0.116313
4 91.50 0.00 88.50 0.00 73.50 0.00 76.50 0.00 0.0354601
4 91.50 0.00 85.50 0.00 73.50 0.00 79.50 0.00 0.297462
4 90.00 0.00 88.50 0.00 76.50 0.00 78.00 0.00 0.0230795
4 94.50 0.00 90.00 0.00 72.00 0.00 76.50 0.00 0.0481937
4 90.00 0.00 85.50 0.00 76.50 0.00 81.00 0.00 0.358272
4 88.50 0.00 87.00 0.00 78.00 0.00 79.50 0.00 0.027196
4 87.00 0.00 85.50 0.00 79.50 0.00 81.00 0.00 0.0878245
4 94.50 0.00 87.00 0.00 72.00 0.00 79.50 0.00 0.274043
4 85.50 0.00 84.00 0.00 81.00 0.00 82.50 0.00 0.811371
4 91.50 0.00 90.00 0.00 76.50 0.00 78.00 0.00 0.0155361
4 87.00 0.00 85.50 0.00 81.00 0.00 82.50 0.00 0.204619
4 93.00 0.00 87.00 0.00 75.00 0.00 81.00 0.00 0.325414
4 93.00 0.00 88.50 0.00 75.00 0.00 79.50 0.00 0.129446
4 91.50 0.00 88.50 0.00 76.50 0.00 79.50 0.00 0.0819048
4 94.50 0.00 91.50 0.00 73.50 0.00 76.50 0.00 0.0203653
4 90.00 0.00 87.00 0.00 78.00 0.00 81.00 0.00 0.142834
4 90.00 0.00 88.50 0.00 78.00 0.00 79.50 0.00 0.0261979
4 88.50 0.00 85.50 0.00 79.50 0.00 82.50 0.00 0.434207
4 88.50 0.00 87.00 0.00 79.50 0.00 81.00 0.00 0.0474277
4 93.00 0.00 90.00 0.00 75.00 0.00 78.00 0.00 0.0371739
4 88.50 0.00 87.00 0.00 81.00 0.00 82.50 0.00 0.0944868
4 87.00 0.00 85.50 0.00 82.50 0.00 84.00 0.00 0.879819
4 91.50 0.00 90.00 0.00 78.00 0.00 79.50 0.00 0.0169408
4 91.50 0.00 87.00 0.00 78.00 0.00 82.50 0.00 0.400229
4 90.00 0.00 88.50 0.00 79.50 0.00 81.00 0.00 0.0419572
4 90.00 0.00 87.00 0.00 81.00 0.00 84.00 0.00 0.576282
4 90.00 0.00 88.50 0.00 81.00 0.00 82.50 0.00 0.0762713
4 94.50 0.00 91.50 0.00 76.50 0.00 79.50 0.00 0.0385032
4 94.50 0.00 90.00 0.00 76.50 0.00 81.00 0.00 0.127151
4 88.50 0.00 87.00 0.00 82.50 0.00 84.00 0.00 0.243247
4 93.00 0.00 90.00 0.00 78.00 0.00 81.00 0.00 0.0772795
4 93.00 0.00 91.50 0.00 78.00 0.00 79.50 0.00 0.014398
4 91.50 0.00 90.00 0.00 79.50 0.00 81.00 0.00 0.0257337
4 94.50 0.00 88.50 0.00 76.50 0.00 82.50 0.00 0.385191
4 91.50 0.00 88.50 0.00 79.50 0.00 82.50 0.00 0.187907
4 93.00 0.00 88.50 0.00 79.50 0.00 84.00 0.00 0.533177
4 90.00 0.00 88.50 0.00 82.50 0.00 84.00 0.00 0.162203
4 93.00 0.00 91.50 0.00 79.50 0.00 81.00 0.00 0.0200011
4 88.50 0.00 87.00 0.00 84.00 0.00 85.50 0.00 0.93593
4 91.50 0.00 90.00 0.00 81.00 0.00 82.50 0.00 0.0439584
4 91.50 0.00 90.00 0.00 82.50 0.00 84.00 0.00 0.0826334
4 91.50 0.00 88.50 0.00 82.50 0.00 85.50 0.00 0.804393
4 90.00 0.00 88.50 0.00 84.00 0.00 85.50 0.00 0.392807
4 94.50 0.00 93.00 0.00 79.50 0.00 81.00 0.00 0.00990777
4 94.50 0.00 91.50 0.00 79.50 0.00 82.50 0.00 0.0762755
4 93.00 0.00 90.00 0.00 81.00 0.00 84.00 0.00 0.206745
4 93.00 0.00 91.50 0.00 81.00 0.00 82.50 0.00 0.0290095
4 94.50 0.00 90.00 0.00 81.00 0.00 85.50 0.00 0.574192
4 94.50 0.00 93.00 0.00 81.00 0.00 82.50 0.00 0.0167084
4 93.00 0.00 91.50 0.00 82.50 0.00 84.00 0.00 0.0510822
4 91.50 0.00 90.00 0.00 84.00 0.00 85.50 0.00 0.166523
4 90.00 0.00 88.50 0.00 85.50 0.00 87.00 0.00 1.43725
4 94.50 0.00 93.00 0.00 82.50 0.00 84.00 0.00 0.0384428
4 94.50 0.00 91.50 0.00 82.50 0.00 85.50 0.00 0.23466
4 93.00 0.00 90.00 0.00 84.00 0.00 87.00 0.00 0.847453
4 93.00 0.00 91.50 0.00 84.00 0.00 85.50 0.00 0.0903918
4 91.50 0.00 90.00 0.00 85.50 0.00 87.00 0.00 0.410485
4 94.50 0.00 93.00 0.00 84.00 0.00 85.50 0.00 0.0547171
4 93.00 0.00 91.50 0.00 85.50 0.00 87.00 0.00 0.178974
4 91.50 0.00 90.00 0.00 87.00 0.00 88.50 0.00 1.41367
4 94.50 0.00 91.50 0.00 85.50 0.00 88.50 0.00 0.783148
4 94.50 0.00 93.00 0.00 85.50 0.00 87.00 0.00 0.0969482
4 93.00 0.00 91.50 0.00 87.00 0.00 88.50 0.00 0.345723
4 94.50 0.00 93.00 0.00 87.00 0.00 88.50 0.00 0.162091
4 93.00 0.00 91.50 0.00 88.50 0.00 90.00 0.00 2.17212
4 94.50 0.00 93.00 0.00 88.50 0.00 90.00 0.00 0.609294
4 94.50 0.00 93.00 0.00 90.00 0.00 91.50 0.00 1.87271
0
0
0
0
0
0
0
0
